-- phpMyAdmin SQL Dump
-- version 5.2.1
-- https://www.phpmyadmin.net/
--
-- Host: 127.0.0.1
-- Generation Time: Jul 30, 2024 at 02:33 PM
-- Server version: 10.4.32-MariaDB
-- PHP Version: 8.2.12

SET SQL_MODE = "NO_AUTO_VALUE_ON_ZERO";
START TRANSACTION;
SET time_zone = "+00:00";


/*!40101 SET @OLD_CHARACTER_SET_CLIENT=@@CHARACTER_SET_CLIENT */;
/*!40101 SET @OLD_CHARACTER_SET_RESULTS=@@CHARACTER_SET_RESULTS */;
/*!40101 SET @OLD_COLLATION_CONNECTION=@@COLLATION_CONNECTION */;
/*!40101 SET NAMES utf8mb4 */;

--
-- Database: `patientdb`
--

-- --------------------------------------------------------

--
-- Table structure for table `appointments`
--

CREATE TABLE `appointments` (
  `Id` int(20) NOT NULL,
  `Doctorid` varchar(225) NOT NULL,
  `Pid` varchar(225) DEFAULT NULL,
  `FirstName` varchar(225) DEFAULT NULL,
  `Date` date NOT NULL,
  `Starttime` time(6) NOT NULL,
  `Endtime` time(6) NOT NULL,
  `Type` varchar(225) NOT NULL DEFAULT 'REGULAR',
  `Flag` varchar(20) NOT NULL DEFAULT 'ACTIVE',
  `Amount` int(125) DEFAULT NULL,
  `created_at` timestamp(6) NOT NULL DEFAULT current_timestamp(6),
  `created_by` varchar(225) NOT NULL,
  `updated_at` timestamp(6) NOT NULL DEFAULT current_timestamp(6),
  `updated_by` varchar(225) NOT NULL
) ENGINE=InnoDB DEFAULT CHARSET=utf8mb4 COLLATE=utf8mb4_general_ci;

--
-- Dumping data for table `appointments`
--

INSERT INTO `appointments` (`Id`, `Doctorid`, `Pid`, `FirstName`, `Date`, `Starttime`, `Endtime`, `Type`, `Flag`, `Amount`, `created_at`, `created_by`, `updated_at`, `updated_by`) VALUES
(1, 'DOCT0001', NULL, NULL, '2024-05-06', '10:00:00.000000', '11:00:00.000000', 'REGULAR', 'AVAILABLE', NULL, '2024-05-05 09:34:56.687752', '', '2024-05-05 09:34:56.687752', ''),
(4, 'DOCT0001', 'HHIM0001', 'Monkey.D', '2024-05-05', '16:00:00.000000', '16:40:00.000000', 'REGULAR', 'ACTIVE', 200, '2024-05-05 11:01:21.590236', 'DOCT0001', '2024-05-06 07:21:06.000000', 'USER0001'),
(5, 'DOCT0001', 'HHIM0004', 'Nico', '2024-05-06', '16:40:00.000000', '17:20:00.000000', 'REGULAR', 'ACTIVE', 2000, '2024-05-05 11:01:21.593212', 'DOCT0001', '2024-05-06 09:50:41.000000', 'USER0001'),
(6, 'DOCT0001', 'HHIM0001', 'Monkey.D', '2024-05-07', '17:20:00.000000', '18:00:00.000000', 'REGULAR', 'ACTIVE', 200, '2024-05-05 11:01:21.598676', 'DOCT0001', '2024-05-06 09:58:51.000000', 'USER0001'),
(7, 'DOCT0001', 'HHIM0002', 'Roronowa', '2024-05-07', '13:00:00.000000', '13:24:00.000000', 'REGULAR', 'ACTIVE', 200, '2024-05-07 04:51:34.906137', 'DOCT0001', '2024-05-07 06:41:50.000000', 'USER0001'),
(8, 'DOCT0001', NULL, NULL, '2024-05-07', '13:24:00.000000', '13:48:00.000000', 'REGULAR', 'AVAILABLE', NULL, '2024-05-07 04:51:34.909766', 'DOCT0001', '2024-05-07 04:51:34.909766', 'DOCT0001'),
(9, 'DOCT0001', NULL, NULL, '2024-05-07', '13:48:00.000000', '14:12:00.000000', 'REGULAR', 'AVAILABLE', NULL, '2024-05-07 04:51:34.914804', 'DOCT0001', '2024-05-07 04:51:34.914804', 'DOCT0001'),
(10, 'DOCT0001', NULL, NULL, '2024-05-07', '14:12:00.000000', '14:36:00.000000', 'REGULAR', 'AVAILABLE', NULL, '2024-05-07 04:51:34.920367', 'DOCT0001', '2024-05-07 04:51:34.920367', 'DOCT0001'),
(11, 'DOCT0001', NULL, NULL, '2024-05-07', '14:36:00.000000', '15:00:00.000000', 'REGULAR', 'AVAILABLE', NULL, '2024-05-07 04:51:34.923550', 'DOCT0001', '2024-05-07 04:51:34.923550', 'DOCT0001'),
(12, 'DOCT0002', NULL, NULL, '2024-05-19', '13:00:00.000000', '13:20:00.000000', 'REGULAR', 'AVAILABLE', NULL, '2024-05-18 21:32:23.429451', 'DOCT0002', '2024-05-18 21:32:23.429451', 'DOCT0002'),
(13, 'DOCT0002', 'HHIM0001', 'Monkey.D', '2024-05-19', '13:20:00.000000', '13:40:00.000000', 'REGULAR', 'ACTIVE', 200, '2024-05-18 21:32:23.432892', 'DOCT0002', '2024-05-18 21:34:16.000000', 'USER0001'),
(14, 'DOCT0002', NULL, NULL, '2024-05-19', '13:40:00.000000', '14:00:00.000000', 'REGULAR', 'REVOKED', NULL, '2024-05-18 21:32:23.436933', 'DOCT0002', '2024-05-19 05:03:19.000000', 'DOCT0002'),
(15, 'DOCT0002', 'HHIM0001', 'Monkey.D', '2024-05-19', '14:00:00.000000', '14:20:00.000000', 'REGULAR', 'ACTIVE', 200, '2024-05-18 21:32:23.440033', 'DOCT0002', '2024-05-19 05:30:22.000000', 'USER0001'),
(16, 'DOCT0002', 'HHIM0006', 'Tony-tony', '2024-05-19', '14:20:00.000000', '14:40:00.000000', 'REGULAR', 'ACTIVE', 2000, '2024-05-18 21:32:23.443817', 'DOCT0002', '2024-05-19 15:40:32.000000', 'USER0001'),
(17, 'DOCT0002', NULL, NULL, '2024-05-19', '14:40:00.000000', '15:00:00.000000', 'REGULAR', 'AVAILABLE', NULL, '2024-05-18 21:32:23.446411', 'DOCT0002', '2024-05-18 21:32:23.446411', 'DOCT0002'),
(18, 'DOCT0001', 'HHIM0001', 'Monkey.D', '2024-06-02', '19:00:00.000000', '19:24:00.000000', 'REGULAR', 'ACTIVE', 200, '2024-06-02 09:26:12.783208', 'DOCT0001', '2024-06-02 09:51:21.000000', 'USER0001'),
(19, 'DOCT0001', NULL, NULL, '2024-06-02', '19:24:00.000000', '19:48:00.000000', 'REGULAR', 'AVAILABLE', NULL, '2024-06-02 09:26:12.790838', 'DOCT0001', '2024-06-02 09:26:12.790838', 'DOCT0001'),
(20, 'DOCT0001', 'HHIM0007', 'Jasper', '2024-06-02', '19:48:00.000000', '20:12:00.000000', 'REGULAR', 'ACTIVE', 2000, '2024-06-02 09:26:12.796921', 'DOCT0001', '2024-06-02 09:27:04.000000', 'USER0003'),
(21, 'DOCT0001', NULL, NULL, '2024-06-02', '20:12:00.000000', '20:36:00.000000', 'REGULAR', 'AVAILABLE', NULL, '2024-06-02 09:26:12.800889', 'DOCT0001', '2024-06-02 09:26:12.800889', 'DOCT0001'),
(22, 'DOCT0001', NULL, NULL, '2024-06-02', '20:36:00.000000', '21:00:00.000000', 'REGULAR', 'AVAILABLE', NULL, '2024-06-02 09:26:12.804434', 'DOCT0001', '2024-06-02 09:26:12.804434', 'DOCT0001'),
(23, 'DOCT0001', NULL, NULL, '2024-07-30', '09:00:00.000000', '09:40:00.000000', 'REGULAR', 'AVAILABLE', NULL, '2024-07-29 16:15:07.114903', 'DOCT0001', '2024-07-29 16:15:07.114903', 'DOCT0001'),
(24, 'DOCT0001', 'HHIM0001', 'Monkey.D', '2024-07-30', '09:40:00.000000', '10:20:00.000000', 'REGULAR', 'ACTIVE', 200, '2024-07-29 16:15:07.117229', 'DOCT0001', '2024-07-30 08:33:59.000000', 'USER0001'),
(25, 'DOCT0001', NULL, NULL, '2024-07-30', '10:20:00.000000', '11:00:00.000000', 'REGULAR', 'AVAILABLE', NULL, '2024-07-29 16:15:07.121961', 'DOCT0001', '2024-07-29 16:15:07.121961', 'DOCT0001'),
(26, 'DOCT0002', NULL, NULL, '2024-07-30', '16:00:00.000000', '16:20:00.000000', 'REGULAR', 'AVAILABLE', NULL, '2024-07-29 16:16:23.265521', 'DOCT0002', '2024-07-29 16:16:23.265521', 'DOCT0002'),
(27, 'DOCT0002', NULL, NULL, '2024-07-30', '16:20:00.000000', '16:40:00.000000', 'REGULAR', 'AVAILABLE', NULL, '2024-07-29 16:16:23.268986', 'DOCT0002', '2024-07-29 16:16:23.268986', 'DOCT0002'),
(28, 'DOCT0002', NULL, NULL, '2024-07-30', '16:40:00.000000', '17:00:00.000000', 'REGULAR', 'AVAILABLE', NULL, '2024-07-29 16:16:23.272084', 'DOCT0002', '2024-07-29 16:16:23.272084', 'DOCT0002'),
(29, 'DOCT0002', NULL, NULL, '2024-07-30', '17:00:00.000000', '17:20:00.000000', 'REGULAR', 'AVAILABLE', NULL, '2024-07-29 16:16:23.274864', 'DOCT0002', '2024-07-29 16:16:23.274864', 'DOCT0002'),
(30, 'DOCT0002', NULL, NULL, '2024-07-30', '17:20:00.000000', '17:40:00.000000', 'REGULAR', 'AVAILABLE', NULL, '2024-07-29 16:16:23.278102', 'DOCT0002', '2024-07-29 16:16:23.278102', 'DOCT0002'),
(31, 'DOCT0002', NULL, NULL, '2024-07-30', '17:40:00.000000', '18:00:00.000000', 'REGULAR', 'AVAILABLE', NULL, '2024-07-29 16:16:23.281674', 'DOCT0002', '2024-07-29 16:16:23.281674', 'DOCT0002'),
(32, 'DOCT0002', NULL, NULL, '2024-07-30', '09:00:00.000000', '09:30:00.000000', 'REGULAR', 'AVAILABLE', NULL, '2024-07-29 16:16:33.221996', 'DOCT0002', '2024-07-29 16:16:33.221996', 'DOCT0002'),
(33, 'DOCT0002', NULL, NULL, '2024-07-30', '09:30:00.000000', '10:00:00.000000', 'REGULAR', 'AVAILABLE', NULL, '2024-07-29 16:16:33.224922', 'DOCT0002', '2024-07-29 16:16:33.224922', 'DOCT0002'),
(34, 'DOCT0002', NULL, NULL, '2024-07-30', '10:00:00.000000', '10:30:00.000000', 'REGULAR', 'AVAILABLE', NULL, '2024-07-29 16:16:33.227827', 'DOCT0002', '2024-07-29 16:16:33.227827', 'DOCT0002'),
(35, 'DOCT0002', NULL, NULL, '2024-07-30', '10:30:00.000000', '11:00:00.000000', 'REGULAR', 'AVAILABLE', NULL, '2024-07-29 16:16:33.232044', 'DOCT0002', '2024-07-29 16:16:33.232044', 'DOCT0002'),
(36, 'DOCT0003', NULL, NULL, '2024-07-30', '19:00:00.000000', '19:10:00.000000', 'REGULAR', 'AVAILABLE', NULL, '2024-07-29 16:17:26.315776', 'DOCT0003', '2024-07-29 16:17:26.315776', 'DOCT0003'),
(37, 'DOCT0003', NULL, NULL, '2024-07-30', '19:10:00.000000', '19:20:00.000000', 'REGULAR', 'AVAILABLE', NULL, '2024-07-29 16:17:26.318567', 'DOCT0003', '2024-07-29 16:17:26.318567', 'DOCT0003'),
(38, 'DOCT0003', NULL, NULL, '2024-07-30', '19:20:00.000000', '19:30:00.000000', 'REGULAR', 'AVAILABLE', NULL, '2024-07-29 16:17:26.321175', 'DOCT0003', '2024-07-29 16:17:26.321175', 'DOCT0003'),
(39, 'DOCT0003', NULL, NULL, '2024-07-30', '19:30:00.000000', '19:40:00.000000', 'REGULAR', 'AVAILABLE', NULL, '2024-07-29 16:17:26.323809', 'DOCT0003', '2024-07-29 16:17:26.323809', 'DOCT0003'),
(40, 'DOCT0003', NULL, NULL, '2024-07-30', '19:40:00.000000', '19:50:00.000000', 'REGULAR', 'AVAILABLE', NULL, '2024-07-29 16:17:26.326647', 'DOCT0003', '2024-07-29 16:17:26.326647', 'DOCT0003'),
(41, 'DOCT0003', NULL, NULL, '2024-07-30', '19:50:00.000000', '20:00:00.000000', 'REGULAR', 'AVAILABLE', NULL, '2024-07-29 16:17:26.332630', 'DOCT0003', '2024-07-29 16:17:26.332630', 'DOCT0003'),
(42, 'DOCT0003', NULL, NULL, '2024-07-30', '20:00:00.000000', '20:10:00.000000', 'REGULAR', 'AVAILABLE', NULL, '2024-07-29 16:17:26.334774', 'DOCT0003', '2024-07-29 16:17:26.334774', 'DOCT0003'),
(43, 'DOCT0003', NULL, NULL, '2024-07-30', '20:10:00.000000', '20:20:00.000000', 'REGULAR', 'AVAILABLE', NULL, '2024-07-29 16:17:26.336621', 'DOCT0003', '2024-07-29 16:17:26.336621', 'DOCT0003'),
(44, 'DOCT0003', NULL, NULL, '2024-07-30', '20:20:00.000000', '20:30:00.000000', 'REGULAR', 'AVAILABLE', NULL, '2024-07-29 16:17:26.338707', 'DOCT0003', '2024-07-29 16:17:26.338707', 'DOCT0003'),
(45, 'DOCT0003', NULL, NULL, '2024-07-30', '20:30:00.000000', '20:40:00.000000', 'REGULAR', 'AVAILABLE', NULL, '2024-07-29 16:17:26.341099', 'DOCT0003', '2024-07-29 16:17:26.341099', 'DOCT0003'),
(46, 'DOCT0003', NULL, NULL, '2024-07-30', '20:40:00.000000', '20:50:00.000000', 'REGULAR', 'AVAILABLE', NULL, '2024-07-29 16:17:26.345028', 'DOCT0003', '2024-07-29 16:17:26.345028', 'DOCT0003'),
(47, 'DOCT0003', NULL, NULL, '2024-07-30', '20:50:00.000000', '21:00:00.000000', 'REGULAR', 'AVAILABLE', NULL, '2024-07-29 16:17:26.349983', 'DOCT0003', '2024-07-29 16:17:26.349983', 'DOCT0003'),
(48, 'DOCT0004', NULL, NULL, '2024-07-31', '09:00:00.000000', '09:10:00.000000', 'REGULAR', 'AVAILABLE', NULL, '2024-07-29 16:17:56.310098', 'DOCT0004', '2024-07-29 16:17:56.310098', 'DOCT0004'),
(49, 'DOCT0004', NULL, NULL, '2024-07-31', '09:10:00.000000', '09:20:00.000000', 'REGULAR', 'AVAILABLE', NULL, '2024-07-29 16:17:56.312660', 'DOCT0004', '2024-07-29 16:17:56.312660', 'DOCT0004'),
(50, 'DOCT0004', NULL, NULL, '2024-07-31', '09:20:00.000000', '09:30:00.000000', 'REGULAR', 'AVAILABLE', NULL, '2024-07-29 16:17:56.314984', 'DOCT0004', '2024-07-29 16:17:56.314984', 'DOCT0004'),
(51, 'DOCT0004', NULL, NULL, '2024-07-31', '09:30:00.000000', '09:40:00.000000', 'REGULAR', 'AVAILABLE', NULL, '2024-07-29 16:17:56.317114', 'DOCT0004', '2024-07-29 16:17:56.317114', 'DOCT0004'),
(52, 'DOCT0004', NULL, NULL, '2024-07-31', '09:40:00.000000', '09:50:00.000000', 'REGULAR', 'AVAILABLE', NULL, '2024-07-29 16:17:56.320259', 'DOCT0004', '2024-07-29 16:17:56.320259', 'DOCT0004'),
(53, 'DOCT0004', NULL, NULL, '2024-07-31', '09:50:00.000000', '10:00:00.000000', 'REGULAR', 'AVAILABLE', NULL, '2024-07-29 16:17:56.322537', 'DOCT0004', '2024-07-29 16:17:56.322537', 'DOCT0004'),
(54, 'DOCT0004', NULL, NULL, '2024-07-31', '10:00:00.000000', '10:10:00.000000', 'REGULAR', 'AVAILABLE', NULL, '2024-07-29 16:17:56.325320', 'DOCT0004', '2024-07-29 16:17:56.325320', 'DOCT0004'),
(55, 'DOCT0004', NULL, NULL, '2024-07-31', '10:10:00.000000', '10:20:00.000000', 'REGULAR', 'AVAILABLE', NULL, '2024-07-29 16:17:56.327731', 'DOCT0004', '2024-07-29 16:17:56.327731', 'DOCT0004'),
(56, 'DOCT0004', NULL, NULL, '2024-07-31', '10:20:00.000000', '10:30:00.000000', 'REGULAR', 'AVAILABLE', NULL, '2024-07-29 16:17:56.330056', 'DOCT0004', '2024-07-29 16:17:56.330056', 'DOCT0004'),
(57, 'DOCT0004', NULL, NULL, '2024-07-31', '10:30:00.000000', '10:40:00.000000', 'REGULAR', 'AVAILABLE', NULL, '2024-07-29 16:17:56.332274', 'DOCT0004', '2024-07-29 16:17:56.332274', 'DOCT0004'),
(58, 'DOCT0004', NULL, NULL, '2024-07-31', '10:40:00.000000', '10:50:00.000000', 'REGULAR', 'AVAILABLE', NULL, '2024-07-29 16:17:56.334514', 'DOCT0004', '2024-07-29 16:17:56.334514', 'DOCT0004'),
(59, 'DOCT0004', NULL, NULL, '2024-07-31', '10:50:00.000000', '11:00:00.000000', 'REGULAR', 'AVAILABLE', NULL, '2024-07-29 16:17:56.337802', 'DOCT0004', '2024-07-29 16:17:56.337802', 'DOCT0004'),
(60, 'DOCT0005', NULL, NULL, '2024-07-30', '13:00:00.000000', '13:15:00.000000', 'REGULAR', 'AVAILABLE', NULL, '2024-07-29 16:18:19.571562', 'DOCT0005', '2024-07-29 16:18:19.571562', 'DOCT0005'),
(61, 'DOCT0005', NULL, NULL, '2024-07-30', '13:15:00.000000', '13:30:00.000000', 'REGULAR', 'AVAILABLE', NULL, '2024-07-29 16:18:19.574666', 'DOCT0005', '2024-07-29 16:18:19.574666', 'DOCT0005'),
(62, 'DOCT0005', NULL, NULL, '2024-07-30', '13:30:00.000000', '13:45:00.000000', 'REGULAR', 'AVAILABLE', NULL, '2024-07-29 16:18:19.578342', 'DOCT0005', '2024-07-29 16:18:19.578342', 'DOCT0005'),
(63, 'DOCT0005', NULL, NULL, '2024-07-30', '13:45:00.000000', '14:00:00.000000', 'REGULAR', 'AVAILABLE', NULL, '2024-07-29 16:18:19.582063', 'DOCT0005', '2024-07-29 16:18:19.582063', 'DOCT0005'),
(64, 'DOCT0005', NULL, NULL, '2024-07-30', '14:00:00.000000', '14:15:00.000000', 'REGULAR', 'AVAILABLE', NULL, '2024-07-29 16:18:19.584360', 'DOCT0005', '2024-07-29 16:18:19.584360', 'DOCT0005'),
(65, 'DOCT0005', NULL, NULL, '2024-07-30', '14:15:00.000000', '14:30:00.000000', 'REGULAR', 'AVAILABLE', NULL, '2024-07-29 16:18:19.586869', 'DOCT0005', '2024-07-29 16:18:19.586869', 'DOCT0005'),
(66, 'DOCT0005', NULL, NULL, '2024-07-30', '14:30:00.000000', '14:45:00.000000', 'REGULAR', 'AVAILABLE', NULL, '2024-07-29 16:18:19.589228', 'DOCT0005', '2024-07-29 16:18:19.589228', 'DOCT0005'),
(67, 'DOCT0005', NULL, NULL, '2024-07-30', '14:45:00.000000', '15:00:00.000000', 'REGULAR', 'AVAILABLE', NULL, '2024-07-29 16:18:19.592678', 'DOCT0005', '2024-07-29 16:18:19.592678', 'DOCT0005'),
(68, 'DOCT0006', NULL, NULL, '2024-07-30', '19:00:00.000000', '19:10:00.000000', 'REGULAR', 'AVAILABLE', NULL, '2024-07-29 16:18:45.191745', 'DOCT0006', '2024-07-29 16:18:45.191745', 'DOCT0006'),
(69, 'DOCT0006', NULL, NULL, '2024-07-30', '19:10:00.000000', '19:20:00.000000', 'REGULAR', 'AVAILABLE', NULL, '2024-07-29 16:18:45.194071', 'DOCT0006', '2024-07-29 16:18:45.194071', 'DOCT0006'),
(70, 'DOCT0006', NULL, NULL, '2024-07-30', '19:20:00.000000', '19:30:00.000000', 'REGULAR', 'AVAILABLE', NULL, '2024-07-29 16:18:45.196724', 'DOCT0006', '2024-07-29 16:18:45.196724', 'DOCT0006'),
(71, 'DOCT0006', NULL, NULL, '2024-07-30', '19:30:00.000000', '19:40:00.000000', 'REGULAR', 'AVAILABLE', NULL, '2024-07-29 16:18:45.203651', 'DOCT0006', '2024-07-29 16:18:45.203651', 'DOCT0006'),
(72, 'DOCT0006', NULL, NULL, '2024-07-30', '19:40:00.000000', '19:50:00.000000', 'REGULAR', 'AVAILABLE', NULL, '2024-07-29 16:18:45.205553', 'DOCT0006', '2024-07-29 16:18:45.205553', 'DOCT0006'),
(73, 'DOCT0006', NULL, NULL, '2024-07-30', '19:50:00.000000', '20:00:00.000000', 'REGULAR', 'AVAILABLE', NULL, '2024-07-29 16:18:45.207140', 'DOCT0006', '2024-07-29 16:18:45.207140', 'DOCT0006'),
(74, 'DOCT0006', NULL, NULL, '2024-07-30', '20:00:00.000000', '20:10:00.000000', 'REGULAR', 'AVAILABLE', NULL, '2024-07-29 16:18:45.208728', 'DOCT0006', '2024-07-29 16:18:45.208728', 'DOCT0006'),
(75, 'DOCT0006', NULL, NULL, '2024-07-30', '20:10:00.000000', '20:20:00.000000', 'REGULAR', 'AVAILABLE', NULL, '2024-07-29 16:18:45.210129', 'DOCT0006', '2024-07-29 16:18:45.210129', 'DOCT0006'),
(76, 'DOCT0006', NULL, NULL, '2024-07-30', '20:20:00.000000', '20:30:00.000000', 'REGULAR', 'AVAILABLE', NULL, '2024-07-29 16:18:45.211931', 'DOCT0006', '2024-07-29 16:18:45.211931', 'DOCT0006'),
(77, 'DOCT0006', NULL, NULL, '2024-07-30', '20:30:00.000000', '20:40:00.000000', 'REGULAR', 'AVAILABLE', NULL, '2024-07-29 16:18:45.214724', 'DOCT0006', '2024-07-29 16:18:45.214724', 'DOCT0006'),
(78, 'DOCT0006', NULL, NULL, '2024-07-30', '20:40:00.000000', '20:50:00.000000', 'REGULAR', 'AVAILABLE', NULL, '2024-07-29 16:18:45.217692', 'DOCT0006', '2024-07-29 16:18:45.217692', 'DOCT0006'),
(79, 'DOCT0006', NULL, NULL, '2024-07-30', '20:50:00.000000', '21:00:00.000000', 'REGULAR', 'AVAILABLE', NULL, '2024-07-29 16:18:45.219986', 'DOCT0006', '2024-07-29 16:18:45.219986', 'DOCT0006'),
(80, 'DOCT0007', NULL, NULL, '2024-07-30', '16:00:00.000000', '16:09:00.000000', 'REGULAR', 'AVAILABLE', NULL, '2024-07-29 16:19:11.149890', 'DOCT0007', '2024-07-29 16:19:11.149890', 'DOCT0007'),
(81, 'DOCT0007', NULL, NULL, '2024-07-30', '16:09:00.000000', '16:18:00.000000', 'REGULAR', 'AVAILABLE', NULL, '2024-07-29 16:19:11.152527', 'DOCT0007', '2024-07-29 16:19:11.152527', 'DOCT0007'),
(82, 'DOCT0007', NULL, NULL, '2024-07-30', '16:18:00.000000', '16:27:00.000000', 'REGULAR', 'AVAILABLE', NULL, '2024-07-29 16:19:11.155543', 'DOCT0007', '2024-07-29 16:19:11.155543', 'DOCT0007'),
(83, 'DOCT0007', NULL, NULL, '2024-07-30', '16:27:00.000000', '16:36:00.000000', 'REGULAR', 'AVAILABLE', NULL, '2024-07-29 16:19:11.158815', 'DOCT0007', '2024-07-29 16:19:11.158815', 'DOCT0007'),
(84, 'DOCT0007', NULL, NULL, '2024-07-30', '16:36:00.000000', '16:45:00.000000', 'REGULAR', 'AVAILABLE', NULL, '2024-07-29 16:19:11.161510', 'DOCT0007', '2024-07-29 16:19:11.161510', 'DOCT0007'),
(85, 'DOCT0007', NULL, NULL, '2024-07-30', '16:45:00.000000', '16:54:00.000000', 'REGULAR', 'AVAILABLE', NULL, '2024-07-29 16:19:11.164022', 'DOCT0007', '2024-07-29 16:19:11.164022', 'DOCT0007'),
(86, 'DOCT0007', NULL, NULL, '2024-07-30', '16:54:00.000000', '17:03:00.000000', 'REGULAR', 'AVAILABLE', NULL, '2024-07-29 16:19:11.166400', 'DOCT0007', '2024-07-29 16:19:11.166400', 'DOCT0007'),
(87, 'DOCT0007', NULL, NULL, '2024-07-30', '17:03:00.000000', '17:12:00.000000', 'REGULAR', 'AVAILABLE', NULL, '2024-07-29 16:19:11.168708', 'DOCT0007', '2024-07-29 16:19:11.168708', 'DOCT0007'),
(88, 'DOCT0007', NULL, NULL, '2024-07-30', '17:12:00.000000', '17:21:00.000000', 'REGULAR', 'AVAILABLE', NULL, '2024-07-29 16:19:11.171313', 'DOCT0007', '2024-07-29 16:19:11.171313', 'DOCT0007'),
(89, 'DOCT0007', NULL, NULL, '2024-07-30', '17:21:00.000000', '17:30:00.000000', 'REGULAR', 'AVAILABLE', NULL, '2024-07-29 16:19:11.173937', 'DOCT0007', '2024-07-29 16:19:11.173937', 'DOCT0007'),
(90, 'DOCT0007', NULL, NULL, '2024-07-30', '17:30:00.000000', '17:39:00.000000', 'REGULAR', 'AVAILABLE', NULL, '2024-07-29 16:19:11.176200', 'DOCT0007', '2024-07-29 16:19:11.176200', 'DOCT0007'),
(91, 'DOCT0007', NULL, NULL, '2024-07-30', '17:39:00.000000', '17:48:00.000000', 'REGULAR', 'AVAILABLE', NULL, '2024-07-29 16:19:11.178521', 'DOCT0007', '2024-07-29 16:19:11.178521', 'DOCT0007'),
(92, 'DOCT0007', NULL, NULL, '2024-07-30', '17:48:00.000000', '17:57:00.000000', 'REGULAR', 'AVAILABLE', NULL, '2024-07-29 16:19:11.180609', 'DOCT0007', '2024-07-29 16:19:11.180609', 'DOCT0007'),
(93, 'DOCT0009', NULL, NULL, '2024-07-30', '16:00:00.000000', '17:00:00.000000', 'REGULAR', 'AVAILABLE', NULL, '2024-07-29 16:20:15.177465', 'DOCT0009', '2024-07-29 16:20:15.177465', 'DOCT0009'),
(94, 'DOCT0009', NULL, NULL, '2024-07-30', '17:00:00.000000', '18:00:00.000000', 'REGULAR', 'AVAILABLE', NULL, '2024-07-29 16:20:15.179359', 'DOCT0009', '2024-07-29 16:20:15.179359', 'DOCT0009'),
(95, 'DOCT0010', NULL, NULL, '2024-07-30', '16:00:00.000000', '16:10:00.000000', 'REGULAR', 'AVAILABLE', NULL, '2024-07-29 16:20:41.718095', 'DOCT0010', '2024-07-29 16:20:41.718095', 'DOCT0010'),
(96, 'DOCT0010', NULL, NULL, '2024-07-30', '16:10:00.000000', '16:20:00.000000', 'REGULAR', 'AVAILABLE', NULL, '2024-07-29 16:20:41.721075', 'DOCT0010', '2024-07-29 16:20:41.721075', 'DOCT0010'),
(97, 'DOCT0010', NULL, NULL, '2024-07-30', '16:20:00.000000', '16:30:00.000000', 'REGULAR', 'AVAILABLE', NULL, '2024-07-29 16:20:41.723640', 'DOCT0010', '2024-07-29 16:20:41.723640', 'DOCT0010'),
(98, 'DOCT0010', NULL, NULL, '2024-07-30', '16:30:00.000000', '16:40:00.000000', 'REGULAR', 'AVAILABLE', NULL, '2024-07-29 16:20:41.726191', 'DOCT0010', '2024-07-29 16:20:41.726191', 'DOCT0010'),
(99, 'DOCT0010', NULL, NULL, '2024-07-30', '16:40:00.000000', '16:50:00.000000', 'REGULAR', 'AVAILABLE', NULL, '2024-07-29 16:20:41.729595', 'DOCT0010', '2024-07-29 16:20:41.729595', 'DOCT0010'),
(100, 'DOCT0010', NULL, NULL, '2024-07-30', '16:50:00.000000', '17:00:00.000000', 'REGULAR', 'AVAILABLE', NULL, '2024-07-29 16:20:41.733474', 'DOCT0010', '2024-07-29 16:20:41.733474', 'DOCT0010'),
(101, 'DOCT0010', NULL, NULL, '2024-07-30', '17:00:00.000000', '17:10:00.000000', 'REGULAR', 'AVAILABLE', NULL, '2024-07-29 16:20:41.736048', 'DOCT0010', '2024-07-29 16:20:41.736048', 'DOCT0010'),
(102, 'DOCT0010', NULL, NULL, '2024-07-30', '17:10:00.000000', '17:20:00.000000', 'REGULAR', 'AVAILABLE', NULL, '2024-07-29 16:20:41.739023', 'DOCT0010', '2024-07-29 16:20:41.739023', 'DOCT0010'),
(103, 'DOCT0010', NULL, NULL, '2024-07-30', '17:20:00.000000', '17:30:00.000000', 'REGULAR', 'AVAILABLE', NULL, '2024-07-29 16:20:41.741193', 'DOCT0010', '2024-07-29 16:20:41.741193', 'DOCT0010'),
(104, 'DOCT0010', NULL, NULL, '2024-07-30', '17:30:00.000000', '17:40:00.000000', 'REGULAR', 'AVAILABLE', NULL, '2024-07-29 16:20:41.743577', 'DOCT0010', '2024-07-29 16:20:41.743577', 'DOCT0010'),
(105, 'DOCT0010', NULL, NULL, '2024-07-30', '17:40:00.000000', '17:50:00.000000', 'REGULAR', 'AVAILABLE', NULL, '2024-07-29 16:20:41.747772', 'DOCT0010', '2024-07-29 16:20:41.747772', 'DOCT0010'),
(106, 'DOCT0010', NULL, NULL, '2024-07-30', '17:50:00.000000', '18:00:00.000000', 'REGULAR', 'AVAILABLE', NULL, '2024-07-29 16:20:41.751145', 'DOCT0010', '2024-07-29 16:20:41.751145', 'DOCT0010'),
(107, 'DOCT0010', NULL, NULL, '2024-07-30', '09:00:00.000000', '09:10:00.000000', 'REGULAR', 'AVAILABLE', NULL, '2024-07-29 16:20:50.769818', 'DOCT0010', '2024-07-29 16:20:50.769818', 'DOCT0010'),
(108, 'DOCT0010', NULL, NULL, '2024-07-30', '09:10:00.000000', '09:20:00.000000', 'REGULAR', 'AVAILABLE', NULL, '2024-07-29 16:20:50.772258', 'DOCT0010', '2024-07-29 16:20:50.772258', 'DOCT0010'),
(109, 'DOCT0010', NULL, NULL, '2024-07-30', '09:20:00.000000', '09:30:00.000000', 'REGULAR', 'AVAILABLE', NULL, '2024-07-29 16:20:50.774607', 'DOCT0010', '2024-07-29 16:20:50.774607', 'DOCT0010'),
(110, 'DOCT0010', NULL, NULL, '2024-07-30', '09:30:00.000000', '09:40:00.000000', 'REGULAR', 'AVAILABLE', NULL, '2024-07-29 16:20:50.776915', 'DOCT0010', '2024-07-29 16:20:50.776915', 'DOCT0010'),
(111, 'DOCT0010', NULL, NULL, '2024-07-30', '09:40:00.000000', '09:50:00.000000', 'REGULAR', 'AVAILABLE', NULL, '2024-07-29 16:20:50.779031', 'DOCT0010', '2024-07-29 16:20:50.779031', 'DOCT0010'),
(112, 'DOCT0010', NULL, NULL, '2024-07-30', '09:50:00.000000', '10:00:00.000000', 'REGULAR', 'AVAILABLE', NULL, '2024-07-29 16:20:50.781694', 'DOCT0010', '2024-07-29 16:20:50.781694', 'DOCT0010'),
(113, 'DOCT0010', NULL, NULL, '2024-07-30', '10:00:00.000000', '10:10:00.000000', 'REGULAR', 'AVAILABLE', NULL, '2024-07-29 16:20:50.784523', 'DOCT0010', '2024-07-29 16:20:50.784523', 'DOCT0010'),
(114, 'DOCT0010', NULL, NULL, '2024-07-30', '10:10:00.000000', '10:20:00.000000', 'REGULAR', 'AVAILABLE', NULL, '2024-07-29 16:20:50.787275', 'DOCT0010', '2024-07-29 16:20:50.787275', 'DOCT0010'),
(115, 'DOCT0010', NULL, NULL, '2024-07-30', '10:20:00.000000', '10:30:00.000000', 'REGULAR', 'AVAILABLE', NULL, '2024-07-29 16:20:50.789524', 'DOCT0010', '2024-07-29 16:20:50.789524', 'DOCT0010'),
(116, 'DOCT0010', NULL, NULL, '2024-07-30', '10:30:00.000000', '10:40:00.000000', 'REGULAR', 'AVAILABLE', NULL, '2024-07-29 16:20:50.791809', 'DOCT0010', '2024-07-29 16:20:50.791809', 'DOCT0010'),
(117, 'DOCT0010', NULL, NULL, '2024-07-30', '10:40:00.000000', '10:50:00.000000', 'REGULAR', 'AVAILABLE', NULL, '2024-07-29 16:20:50.794053', 'DOCT0010', '2024-07-29 16:20:50.794053', 'DOCT0010'),
(118, 'DOCT0010', NULL, NULL, '2024-07-30', '10:50:00.000000', '11:00:00.000000', 'REGULAR', 'AVAILABLE', NULL, '2024-07-29 16:20:50.796535', 'DOCT0010', '2024-07-29 16:20:50.796535', 'DOCT0010'),
(119, 'DOCT0011', NULL, NULL, '2024-07-30', '19:00:00.000000', '19:12:00.000000', 'REGULAR', 'AVAILABLE', NULL, '2024-07-29 16:21:14.115145', 'DOCT0011', '2024-07-29 16:21:14.115145', 'DOCT0011'),
(120, 'DOCT0011', NULL, NULL, '2024-07-30', '19:12:00.000000', '19:24:00.000000', 'REGULAR', 'AVAILABLE', NULL, '2024-07-29 16:21:14.118062', 'DOCT0011', '2024-07-29 16:21:14.118062', 'DOCT0011'),
(121, 'DOCT0011', NULL, NULL, '2024-07-30', '19:24:00.000000', '19:36:00.000000', 'REGULAR', 'AVAILABLE', NULL, '2024-07-29 16:21:14.120931', 'DOCT0011', '2024-07-29 16:21:14.120931', 'DOCT0011'),
(122, 'DOCT0011', NULL, NULL, '2024-07-30', '19:36:00.000000', '19:48:00.000000', 'REGULAR', 'AVAILABLE', NULL, '2024-07-29 16:21:14.123768', 'DOCT0011', '2024-07-29 16:21:14.123768', 'DOCT0011'),
(123, 'DOCT0011', NULL, NULL, '2024-07-30', '19:48:00.000000', '20:00:00.000000', 'REGULAR', 'AVAILABLE', NULL, '2024-07-29 16:21:14.126249', 'DOCT0011', '2024-07-29 16:21:14.126249', 'DOCT0011'),
(124, 'DOCT0011', NULL, NULL, '2024-07-30', '20:00:00.000000', '20:12:00.000000', 'REGULAR', 'AVAILABLE', NULL, '2024-07-29 16:21:14.128558', 'DOCT0011', '2024-07-29 16:21:14.128558', 'DOCT0011'),
(125, 'DOCT0011', NULL, NULL, '2024-07-30', '20:12:00.000000', '20:24:00.000000', 'REGULAR', 'AVAILABLE', NULL, '2024-07-29 16:21:14.130888', 'DOCT0011', '2024-07-29 16:21:14.130888', 'DOCT0011'),
(126, 'DOCT0011', NULL, NULL, '2024-07-30', '20:24:00.000000', '20:36:00.000000', 'REGULAR', 'AVAILABLE', NULL, '2024-07-29 16:21:14.133460', 'DOCT0011', '2024-07-29 16:21:14.133460', 'DOCT0011'),
(127, 'DOCT0011', NULL, NULL, '2024-07-30', '20:36:00.000000', '20:48:00.000000', 'REGULAR', 'AVAILABLE', NULL, '2024-07-29 16:21:14.135713', 'DOCT0011', '2024-07-29 16:21:14.135713', 'DOCT0011'),
(128, 'DOCT0011', NULL, NULL, '2024-07-30', '20:48:00.000000', '21:00:00.000000', 'REGULAR', 'AVAILABLE', NULL, '2024-07-29 16:21:14.138855', 'DOCT0011', '2024-07-29 16:21:14.138855', 'DOCT0011'),
(129, 'DOCT0012', NULL, NULL, '2024-07-30', '09:00:00.000000', '09:24:00.000000', 'REGULAR', 'AVAILABLE', NULL, '2024-07-29 16:22:02.513972', 'DOCT0012', '2024-07-29 16:22:02.513972', 'DOCT0012'),
(130, 'DOCT0012', NULL, NULL, '2024-07-30', '09:24:00.000000', '09:48:00.000000', 'REGULAR', 'AVAILABLE', NULL, '2024-07-29 16:22:02.518824', 'DOCT0012', '2024-07-29 16:22:02.518824', 'DOCT0012'),
(131, 'DOCT0012', NULL, NULL, '2024-07-30', '09:48:00.000000', '10:12:00.000000', 'REGULAR', 'AVAILABLE', NULL, '2024-07-29 16:22:02.523975', 'DOCT0012', '2024-07-29 16:22:02.523975', 'DOCT0012'),
(132, 'DOCT0012', NULL, NULL, '2024-07-30', '10:12:00.000000', '10:36:00.000000', 'REGULAR', 'AVAILABLE', NULL, '2024-07-29 16:22:02.527611', 'DOCT0012', '2024-07-29 16:22:02.527611', 'DOCT0012'),
(133, 'DOCT0012', NULL, NULL, '2024-07-30', '10:36:00.000000', '11:00:00.000000', 'REGULAR', 'AVAILABLE', NULL, '2024-07-29 16:22:02.530859', 'DOCT0012', '2024-07-29 16:22:02.530859', 'DOCT0012'),
(134, 'DOCT0013', NULL, NULL, '2024-07-30', '16:00:00.000000', '16:09:00.000000', 'REGULAR', 'AVAILABLE', NULL, '2024-07-29 16:22:26.238777', 'DOCT0013', '2024-07-29 16:22:26.238777', 'DOCT0013'),
(135, 'DOCT0013', NULL, NULL, '2024-07-30', '16:09:00.000000', '16:18:00.000000', 'REGULAR', 'AVAILABLE', NULL, '2024-07-29 16:22:26.242370', 'DOCT0013', '2024-07-29 16:22:26.242370', 'DOCT0013'),
(136, 'DOCT0013', NULL, NULL, '2024-07-30', '16:18:00.000000', '16:27:00.000000', 'REGULAR', 'AVAILABLE', NULL, '2024-07-29 16:22:26.245481', 'DOCT0013', '2024-07-29 16:22:26.245481', 'DOCT0013'),
(137, 'DOCT0013', NULL, NULL, '2024-07-30', '16:27:00.000000', '16:36:00.000000', 'REGULAR', 'AVAILABLE', NULL, '2024-07-29 16:22:26.248937', 'DOCT0013', '2024-07-29 16:22:26.248937', 'DOCT0013'),
(138, 'DOCT0013', NULL, NULL, '2024-07-30', '16:36:00.000000', '16:45:00.000000', 'REGULAR', 'AVAILABLE', NULL, '2024-07-29 16:22:26.251685', 'DOCT0013', '2024-07-29 16:22:26.251685', 'DOCT0013'),
(139, 'DOCT0013', NULL, NULL, '2024-07-30', '16:45:00.000000', '16:54:00.000000', 'REGULAR', 'AVAILABLE', NULL, '2024-07-29 16:22:26.254224', 'DOCT0013', '2024-07-29 16:22:26.254224', 'DOCT0013'),
(140, 'DOCT0013', NULL, NULL, '2024-07-30', '16:54:00.000000', '17:03:00.000000', 'REGULAR', 'AVAILABLE', NULL, '2024-07-29 16:22:26.257750', 'DOCT0013', '2024-07-29 16:22:26.257750', 'DOCT0013'),
(141, 'DOCT0013', NULL, NULL, '2024-07-30', '17:03:00.000000', '17:12:00.000000', 'REGULAR', 'AVAILABLE', NULL, '2024-07-29 16:22:26.260848', 'DOCT0013', '2024-07-29 16:22:26.260848', 'DOCT0013'),
(142, 'DOCT0013', NULL, NULL, '2024-07-30', '17:12:00.000000', '17:21:00.000000', 'REGULAR', 'AVAILABLE', NULL, '2024-07-29 16:22:26.263614', 'DOCT0013', '2024-07-29 16:22:26.263614', 'DOCT0013'),
(143, 'DOCT0013', NULL, NULL, '2024-07-30', '17:21:00.000000', '17:30:00.000000', 'REGULAR', 'AVAILABLE', NULL, '2024-07-29 16:22:26.266146', 'DOCT0013', '2024-07-29 16:22:26.266146', 'DOCT0013'),
(144, 'DOCT0013', NULL, NULL, '2024-07-30', '17:30:00.000000', '17:39:00.000000', 'REGULAR', 'AVAILABLE', NULL, '2024-07-29 16:22:26.268509', 'DOCT0013', '2024-07-29 16:22:26.268509', 'DOCT0013'),
(145, 'DOCT0013', NULL, NULL, '2024-07-30', '17:39:00.000000', '17:48:00.000000', 'REGULAR', 'AVAILABLE', NULL, '2024-07-29 16:22:26.270853', 'DOCT0013', '2024-07-29 16:22:26.270853', 'DOCT0013'),
(146, 'DOCT0013', NULL, NULL, '2024-07-30', '17:48:00.000000', '17:57:00.000000', 'REGULAR', 'AVAILABLE', NULL, '2024-07-29 16:22:26.273741', 'DOCT0013', '2024-07-29 16:22:26.273741', 'DOCT0013'),
(147, 'DOCT0014', NULL, NULL, '2024-07-30', '16:00:00.000000', '16:15:00.000000', 'REGULAR', 'AVAILABLE', NULL, '2024-07-29 16:22:50.482957', 'DOCT0014', '2024-07-29 16:22:50.482957', 'DOCT0014'),
(148, 'DOCT0014', NULL, NULL, '2024-07-30', '16:15:00.000000', '16:30:00.000000', 'REGULAR', 'AVAILABLE', NULL, '2024-07-29 16:22:50.485363', 'DOCT0014', '2024-07-29 16:22:50.485363', 'DOCT0014'),
(149, 'DOCT0014', NULL, NULL, '2024-07-30', '16:30:00.000000', '16:45:00.000000', 'REGULAR', 'AVAILABLE', NULL, '2024-07-29 16:22:50.487820', 'DOCT0014', '2024-07-29 16:22:50.487820', 'DOCT0014'),
(150, 'DOCT0014', NULL, NULL, '2024-07-30', '16:45:00.000000', '17:00:00.000000', 'REGULAR', 'AVAILABLE', NULL, '2024-07-29 16:22:50.490172', 'DOCT0014', '2024-07-29 16:22:50.490172', 'DOCT0014'),
(151, 'DOCT0014', NULL, NULL, '2024-07-30', '17:00:00.000000', '17:15:00.000000', 'REGULAR', 'AVAILABLE', NULL, '2024-07-29 16:22:50.492394', 'DOCT0014', '2024-07-29 16:22:50.492394', 'DOCT0014'),
(152, 'DOCT0014', NULL, NULL, '2024-07-30', '17:15:00.000000', '17:30:00.000000', 'REGULAR', 'AVAILABLE', NULL, '2024-07-29 16:22:50.494672', 'DOCT0014', '2024-07-29 16:22:50.494672', 'DOCT0014'),
(153, 'DOCT0014', NULL, NULL, '2024-07-30', '17:30:00.000000', '17:45:00.000000', 'REGULAR', 'AVAILABLE', NULL, '2024-07-29 16:22:50.497248', 'DOCT0014', '2024-07-29 16:22:50.497248', 'DOCT0014'),
(154, 'DOCT0014', NULL, NULL, '2024-07-30', '17:45:00.000000', '18:00:00.000000', 'REGULAR', 'AVAILABLE', NULL, '2024-07-29 16:22:50.499950', 'DOCT0014', '2024-07-29 16:22:50.499950', 'DOCT0014'),
(155, 'DOCT0015', NULL, NULL, '2024-07-30', '13:00:00.000000', '13:08:00.000000', 'REGULAR', 'AVAILABLE', NULL, '2024-07-29 16:23:13.974586', 'DOCT0015', '2024-07-29 16:23:13.974586', 'DOCT0015'),
(156, 'DOCT0015', NULL, NULL, '2024-07-30', '13:08:00.000000', '13:16:00.000000', 'REGULAR', 'AVAILABLE', NULL, '2024-07-29 16:23:13.977252', 'DOCT0015', '2024-07-29 16:23:13.977252', 'DOCT0015'),
(157, 'DOCT0015', NULL, NULL, '2024-07-30', '13:16:00.000000', '13:24:00.000000', 'REGULAR', 'AVAILABLE', NULL, '2024-07-29 16:23:13.982200', 'DOCT0015', '2024-07-29 16:23:13.982200', 'DOCT0015'),
(158, 'DOCT0015', NULL, NULL, '2024-07-30', '13:24:00.000000', '13:32:00.000000', 'REGULAR', 'AVAILABLE', NULL, '2024-07-29 16:23:13.984373', 'DOCT0015', '2024-07-29 16:23:13.984373', 'DOCT0015'),
(159, 'DOCT0015', NULL, NULL, '2024-07-30', '13:32:00.000000', '13:40:00.000000', 'REGULAR', 'AVAILABLE', NULL, '2024-07-29 16:23:13.987174', 'DOCT0015', '2024-07-29 16:23:13.987174', 'DOCT0015'),
(160, 'DOCT0015', NULL, NULL, '2024-07-30', '13:40:00.000000', '13:48:00.000000', 'REGULAR', 'AVAILABLE', NULL, '2024-07-29 16:23:13.990191', 'DOCT0015', '2024-07-29 16:23:13.990191', 'DOCT0015'),
(161, 'DOCT0015', NULL, NULL, '2024-07-30', '13:48:00.000000', '13:56:00.000000', 'REGULAR', 'AVAILABLE', NULL, '2024-07-29 16:23:13.992429', 'DOCT0015', '2024-07-29 16:23:13.992429', 'DOCT0015'),
(162, 'DOCT0015', NULL, NULL, '2024-07-30', '13:56:00.000000', '14:04:00.000000', 'REGULAR', 'AVAILABLE', NULL, '2024-07-29 16:23:13.994481', 'DOCT0015', '2024-07-29 16:23:13.994481', 'DOCT0015'),
(163, 'DOCT0015', NULL, NULL, '2024-07-30', '14:04:00.000000', '14:12:00.000000', 'REGULAR', 'AVAILABLE', NULL, '2024-07-29 16:23:13.996531', 'DOCT0015', '2024-07-29 16:23:13.996531', 'DOCT0015'),
(164, 'DOCT0015', NULL, NULL, '2024-07-30', '14:12:00.000000', '14:20:00.000000', 'REGULAR', 'AVAILABLE', NULL, '2024-07-29 16:23:13.998643', 'DOCT0015', '2024-07-29 16:23:13.998643', 'DOCT0015'),
(165, 'DOCT0015', NULL, NULL, '2024-07-30', '14:20:00.000000', '14:28:00.000000', 'REGULAR', 'AVAILABLE', NULL, '2024-07-29 16:23:14.001019', 'DOCT0015', '2024-07-29 16:23:14.001019', 'DOCT0015'),
(166, 'DOCT0015', NULL, NULL, '2024-07-30', '14:28:00.000000', '14:36:00.000000', 'REGULAR', 'AVAILABLE', NULL, '2024-07-29 16:23:14.003751', 'DOCT0015', '2024-07-29 16:23:14.003751', 'DOCT0015'),
(167, 'DOCT0015', NULL, NULL, '2024-07-30', '14:36:00.000000', '14:44:00.000000', 'REGULAR', 'AVAILABLE', NULL, '2024-07-29 16:23:14.006258', 'DOCT0015', '2024-07-29 16:23:14.006258', 'DOCT0015'),
(168, 'DOCT0015', NULL, NULL, '2024-07-30', '14:44:00.000000', '14:52:00.000000', 'REGULAR', 'AVAILABLE', NULL, '2024-07-29 16:23:14.008637', 'DOCT0015', '2024-07-29 16:23:14.008637', 'DOCT0015'),
(169, 'DOCT0016', NULL, NULL, '2024-07-30', '09:00:00.000000', '09:20:00.000000', 'REGULAR', 'AVAILABLE', NULL, '2024-07-29 16:23:39.080763', 'DOCT0016', '2024-07-29 16:23:39.080763', 'DOCT0016'),
(170, 'DOCT0016', NULL, NULL, '2024-07-30', '09:20:00.000000', '09:40:00.000000', 'REGULAR', 'AVAILABLE', NULL, '2024-07-29 16:23:39.083316', 'DOCT0016', '2024-07-29 16:23:39.083316', 'DOCT0016'),
(171, 'DOCT0016', NULL, NULL, '2024-07-30', '09:40:00.000000', '10:00:00.000000', 'REGULAR', 'AVAILABLE', NULL, '2024-07-29 16:23:39.085768', 'DOCT0016', '2024-07-29 16:23:39.085768', 'DOCT0016'),
(172, 'DOCT0016', NULL, NULL, '2024-07-30', '10:00:00.000000', '10:20:00.000000', 'REGULAR', 'AVAILABLE', NULL, '2024-07-29 16:23:39.088182', 'DOCT0016', '2024-07-29 16:23:39.088182', 'DOCT0016'),
(173, 'DOCT0016', NULL, NULL, '2024-07-30', '10:20:00.000000', '10:40:00.000000', 'REGULAR', 'AVAILABLE', NULL, '2024-07-29 16:23:39.090479', 'DOCT0016', '2024-07-29 16:23:39.090479', 'DOCT0016'),
(174, 'DOCT0016', NULL, NULL, '2024-07-30', '10:40:00.000000', '11:00:00.000000', 'REGULAR', 'AVAILABLE', NULL, '2024-07-29 16:23:39.093707', 'DOCT0016', '2024-07-29 16:23:39.093707', 'DOCT0016'),
(175, 'DOCT0017', NULL, NULL, '2024-07-30', '16:00:00.000000', '16:24:00.000000', 'REGULAR', 'AVAILABLE', NULL, '2024-07-29 16:27:03.957766', 'DOCT0017', '2024-07-29 16:27:03.957766', 'DOCT0017'),
(176, 'DOCT0017', NULL, NULL, '2024-07-30', '16:24:00.000000', '16:48:00.000000', 'REGULAR', 'AVAILABLE', NULL, '2024-07-29 16:27:03.960095', 'DOCT0017', '2024-07-29 16:27:03.960095', 'DOCT0017'),
(177, 'DOCT0017', NULL, NULL, '2024-07-30', '16:48:00.000000', '17:12:00.000000', 'REGULAR', 'AVAILABLE', NULL, '2024-07-29 16:27:03.962857', 'DOCT0017', '2024-07-29 16:27:03.962857', 'DOCT0017'),
(178, 'DOCT0017', NULL, NULL, '2024-07-30', '17:12:00.000000', '17:36:00.000000', 'REGULAR', 'AVAILABLE', NULL, '2024-07-29 16:27:03.965582', 'DOCT0017', '2024-07-29 16:27:03.965582', 'DOCT0017'),
(179, 'DOCT0017', NULL, NULL, '2024-07-30', '17:36:00.000000', '18:00:00.000000', 'REGULAR', 'AVAILABLE', NULL, '2024-07-29 16:27:03.967852', 'DOCT0017', '2024-07-29 16:27:03.967852', 'DOCT0017'),
(180, 'DOCT0017', NULL, NULL, '2024-07-30', '19:00:00.000000', '19:24:00.000000', 'REGULAR', 'AVAILABLE', NULL, '2024-07-29 16:27:16.645156', 'DOCT0017', '2024-07-29 16:27:16.645156', 'DOCT0017'),
(181, 'DOCT0017', NULL, NULL, '2024-07-30', '19:24:00.000000', '19:48:00.000000', 'REGULAR', 'AVAILABLE', NULL, '2024-07-29 16:27:16.647691', 'DOCT0017', '2024-07-29 16:27:16.647691', 'DOCT0017'),
(182, 'DOCT0017', NULL, NULL, '2024-07-30', '19:48:00.000000', '20:12:00.000000', 'REGULAR', 'AVAILABLE', NULL, '2024-07-29 16:27:16.650782', 'DOCT0017', '2024-07-29 16:27:16.650782', 'DOCT0017'),
(183, 'DOCT0017', NULL, NULL, '2024-07-30', '20:12:00.000000', '20:36:00.000000', 'REGULAR', 'AVAILABLE', NULL, '2024-07-29 16:27:16.653675', 'DOCT0017', '2024-07-29 16:27:16.653675', 'DOCT0017'),
(184, 'DOCT0017', NULL, NULL, '2024-07-30', '20:36:00.000000', '21:00:00.000000', 'REGULAR', 'AVAILABLE', NULL, '2024-07-29 16:27:16.656112', 'DOCT0017', '2024-07-29 16:27:16.656112', 'DOCT0017'),
(185, 'DOCT0018', NULL, NULL, '2024-07-30', '13:00:00.000000', '13:17:00.000000', 'REGULAR', 'AVAILABLE', NULL, '2024-07-29 16:27:41.933536', 'DOCT0018', '2024-07-29 16:27:41.933536', 'DOCT0018'),
(186, 'DOCT0018', NULL, NULL, '2024-07-30', '13:17:00.000000', '13:34:00.000000', 'REGULAR', 'AVAILABLE', NULL, '2024-07-29 16:27:41.935158', 'DOCT0018', '2024-07-29 16:27:41.935158', 'DOCT0018'),
(187, 'DOCT0018', NULL, NULL, '2024-07-30', '13:34:00.000000', '13:51:00.000000', 'REGULAR', 'AVAILABLE', NULL, '2024-07-29 16:27:41.936413', 'DOCT0018', '2024-07-29 16:27:41.936413', 'DOCT0018'),
(188, 'DOCT0018', NULL, NULL, '2024-07-30', '13:51:00.000000', '14:08:00.000000', 'REGULAR', 'AVAILABLE', NULL, '2024-07-29 16:27:41.938022', 'DOCT0018', '2024-07-29 16:27:41.938022', 'DOCT0018'),
(189, 'DOCT0018', NULL, NULL, '2024-07-30', '14:08:00.000000', '14:25:00.000000', 'REGULAR', 'AVAILABLE', NULL, '2024-07-29 16:27:41.939897', 'DOCT0018', '2024-07-29 16:27:41.939897', 'DOCT0018'),
(190, 'DOCT0018', NULL, NULL, '2024-07-30', '14:25:00.000000', '14:42:00.000000', 'REGULAR', 'AVAILABLE', NULL, '2024-07-29 16:27:41.941982', 'DOCT0018', '2024-07-29 16:27:41.941982', 'DOCT0018'),
(191, 'DOCT0018', NULL, NULL, '2024-07-30', '14:42:00.000000', '14:59:00.000000', 'REGULAR', 'AVAILABLE', NULL, '2024-07-29 16:27:41.944227', 'DOCT0018', '2024-07-29 16:27:41.944227', 'DOCT0018'),
(192, 'DOCT0019', NULL, NULL, '2024-07-30', '19:00:00.000000', '19:06:00.000000', 'REGULAR', 'AVAILABLE', NULL, '2024-07-29 16:28:11.590909', 'DOCT0019', '2024-07-29 16:28:11.590909', 'DOCT0019'),
(193, 'DOCT0019', NULL, NULL, '2024-07-30', '19:06:00.000000', '19:12:00.000000', 'REGULAR', 'AVAILABLE', NULL, '2024-07-29 16:28:11.593721', 'DOCT0019', '2024-07-29 16:28:11.593721', 'DOCT0019'),
(194, 'DOCT0019', NULL, NULL, '2024-07-30', '19:12:00.000000', '19:18:00.000000', 'REGULAR', 'AVAILABLE', NULL, '2024-07-29 16:28:11.597539', 'DOCT0019', '2024-07-29 16:28:11.597539', 'DOCT0019'),
(195, 'DOCT0019', NULL, NULL, '2024-07-30', '19:18:00.000000', '19:24:00.000000', 'REGULAR', 'AVAILABLE', NULL, '2024-07-29 16:28:11.600876', 'DOCT0019', '2024-07-29 16:28:11.600876', 'DOCT0019'),
(196, 'DOCT0019', NULL, NULL, '2024-07-30', '19:24:00.000000', '19:30:00.000000', 'REGULAR', 'AVAILABLE', NULL, '2024-07-29 16:28:11.603665', 'DOCT0019', '2024-07-29 16:28:11.603665', 'DOCT0019'),
(197, 'DOCT0019', NULL, NULL, '2024-07-30', '19:30:00.000000', '19:36:00.000000', 'REGULAR', 'AVAILABLE', NULL, '2024-07-29 16:28:11.606328', 'DOCT0019', '2024-07-29 16:28:11.606328', 'DOCT0019'),
(198, 'DOCT0019', NULL, NULL, '2024-07-30', '19:36:00.000000', '19:42:00.000000', 'REGULAR', 'AVAILABLE', NULL, '2024-07-29 16:28:11.608834', 'DOCT0019', '2024-07-29 16:28:11.608834', 'DOCT0019'),
(199, 'DOCT0019', NULL, NULL, '2024-07-30', '19:42:00.000000', '19:48:00.000000', 'REGULAR', 'AVAILABLE', NULL, '2024-07-29 16:28:11.611261', 'DOCT0019', '2024-07-29 16:28:11.611261', 'DOCT0019'),
(200, 'DOCT0019', NULL, NULL, '2024-07-30', '19:48:00.000000', '19:54:00.000000', 'REGULAR', 'AVAILABLE', NULL, '2024-07-29 16:28:11.613995', 'DOCT0019', '2024-07-29 16:28:11.613995', 'DOCT0019'),
(201, 'DOCT0019', NULL, NULL, '2024-07-30', '19:54:00.000000', '20:00:00.000000', 'REGULAR', 'AVAILABLE', NULL, '2024-07-29 16:28:11.616491', 'DOCT0019', '2024-07-29 16:28:11.616491', 'DOCT0019'),
(202, 'DOCT0019', NULL, NULL, '2024-07-30', '20:00:00.000000', '20:06:00.000000', 'REGULAR', 'AVAILABLE', NULL, '2024-07-29 16:28:11.618650', 'DOCT0019', '2024-07-29 16:28:11.618650', 'DOCT0019'),
(203, 'DOCT0019', NULL, NULL, '2024-07-30', '20:06:00.000000', '20:12:00.000000', 'REGULAR', 'AVAILABLE', NULL, '2024-07-29 16:28:11.620611', 'DOCT0019', '2024-07-29 16:28:11.620611', 'DOCT0019'),
(204, 'DOCT0019', NULL, NULL, '2024-07-30', '20:12:00.000000', '20:18:00.000000', 'REGULAR', 'AVAILABLE', NULL, '2024-07-29 16:28:11.622412', 'DOCT0019', '2024-07-29 16:28:11.622412', 'DOCT0019'),
(205, 'DOCT0019', NULL, NULL, '2024-07-30', '20:18:00.000000', '20:24:00.000000', 'REGULAR', 'AVAILABLE', NULL, '2024-07-29 16:28:11.624235', 'DOCT0019', '2024-07-29 16:28:11.624235', 'DOCT0019'),
(206, 'DOCT0019', NULL, NULL, '2024-07-30', '20:24:00.000000', '20:30:00.000000', 'REGULAR', 'AVAILABLE', NULL, '2024-07-29 16:28:11.625964', 'DOCT0019', '2024-07-29 16:28:11.625964', 'DOCT0019'),
(207, 'DOCT0019', NULL, NULL, '2024-07-30', '20:30:00.000000', '20:36:00.000000', 'REGULAR', 'AVAILABLE', NULL, '2024-07-29 16:28:11.628049', 'DOCT0019', '2024-07-29 16:28:11.628049', 'DOCT0019'),
(208, 'DOCT0019', NULL, NULL, '2024-07-30', '20:36:00.000000', '20:42:00.000000', 'REGULAR', 'AVAILABLE', NULL, '2024-07-29 16:28:11.630776', 'DOCT0019', '2024-07-29 16:28:11.630776', 'DOCT0019'),
(209, 'DOCT0019', NULL, NULL, '2024-07-30', '20:42:00.000000', '20:48:00.000000', 'REGULAR', 'AVAILABLE', NULL, '2024-07-29 16:28:11.634562', 'DOCT0019', '2024-07-29 16:28:11.634562', 'DOCT0019'),
(210, 'DOCT0019', NULL, NULL, '2024-07-30', '20:48:00.000000', '20:54:00.000000', 'REGULAR', 'AVAILABLE', NULL, '2024-07-29 16:28:11.637073', 'DOCT0019', '2024-07-29 16:28:11.637073', 'DOCT0019'),
(211, 'DOCT0019', NULL, NULL, '2024-07-30', '20:54:00.000000', '21:00:00.000000', 'REGULAR', 'AVAILABLE', NULL, '2024-07-29 16:28:11.639193', 'DOCT0019', '2024-07-29 16:28:11.639193', 'DOCT0019'),
(212, 'DOCT0020', NULL, NULL, '2024-07-30', '13:00:00.000000', '13:20:00.000000', 'REGULAR', 'AVAILABLE', NULL, '2024-07-29 16:28:36.347187', 'DOCT0020', '2024-07-29 16:28:36.347187', 'DOCT0020'),
(213, 'DOCT0020', NULL, NULL, '2024-07-30', '13:20:00.000000', '13:40:00.000000', 'REGULAR', 'AVAILABLE', NULL, '2024-07-29 16:28:36.349499', 'DOCT0020', '2024-07-29 16:28:36.349499', 'DOCT0020'),
(214, 'DOCT0020', NULL, NULL, '2024-07-30', '13:40:00.000000', '14:00:00.000000', 'REGULAR', 'AVAILABLE', NULL, '2024-07-29 16:28:36.351818', 'DOCT0020', '2024-07-29 16:28:36.351818', 'DOCT0020'),
(215, 'DOCT0020', NULL, NULL, '2024-07-30', '14:00:00.000000', '14:20:00.000000', 'REGULAR', 'AVAILABLE', NULL, '2024-07-29 16:28:36.354520', 'DOCT0020', '2024-07-29 16:28:36.354520', 'DOCT0020'),
(216, 'DOCT0020', NULL, NULL, '2024-07-30', '14:20:00.000000', '14:40:00.000000', 'REGULAR', 'AVAILABLE', NULL, '2024-07-29 16:28:36.356915', 'DOCT0020', '2024-07-29 16:28:36.356915', 'DOCT0020'),
(217, 'DOCT0020', NULL, NULL, '2024-07-30', '14:40:00.000000', '15:00:00.000000', 'REGULAR', 'AVAILABLE', NULL, '2024-07-29 16:28:36.359394', 'DOCT0020', '2024-07-29 16:28:36.359394', 'DOCT0020'),
(218, 'DOCT0020', NULL, NULL, '2024-07-30', '16:00:00.000000', '16:20:00.000000', 'REGULAR', 'AVAILABLE', NULL, '2024-07-29 16:28:46.945059', 'DOCT0020', '2024-07-29 16:28:46.945059', 'DOCT0020'),
(219, 'DOCT0020', NULL, NULL, '2024-07-30', '16:20:00.000000', '16:40:00.000000', 'REGULAR', 'AVAILABLE', NULL, '2024-07-29 16:28:46.947181', 'DOCT0020', '2024-07-29 16:28:46.947181', 'DOCT0020'),
(220, 'DOCT0020', NULL, NULL, '2024-07-30', '16:40:00.000000', '17:00:00.000000', 'REGULAR', 'AVAILABLE', NULL, '2024-07-29 16:28:46.949350', 'DOCT0020', '2024-07-29 16:28:46.949350', 'DOCT0020'),
(221, 'DOCT0020', NULL, NULL, '2024-07-30', '17:00:00.000000', '17:20:00.000000', 'REGULAR', 'AVAILABLE', NULL, '2024-07-29 16:28:46.951093', 'DOCT0020', '2024-07-29 16:28:46.951093', 'DOCT0020'),
(222, 'DOCT0020', NULL, NULL, '2024-07-30', '17:20:00.000000', '17:40:00.000000', 'REGULAR', 'AVAILABLE', NULL, '2024-07-29 16:28:46.952491', 'DOCT0020', '2024-07-29 16:28:46.952491', 'DOCT0020'),
(223, 'DOCT0020', NULL, NULL, '2024-07-30', '17:40:00.000000', '18:00:00.000000', 'REGULAR', 'AVAILABLE', NULL, '2024-07-29 16:28:46.953979', 'DOCT0020', '2024-07-29 16:28:46.953979', 'DOCT0020');

-- --------------------------------------------------------

--
-- Table structure for table `clinicians`
--

CREATE TABLE `clinicians` (
  `Id` int(20) NOT NULL,
  `Uid` varchar(225) NOT NULL,
  `Name` varchar(225) NOT NULL,
  `Status` varchar(50) NOT NULL DEFAULT 'ACTIVE',
  `MobileNumber` bigint(50) NOT NULL,
  `DepartmentId` int(25) NOT NULL,
  `created_at` timestamp(6) NOT NULL DEFAULT current_timestamp(6),
  `created_by` varchar(225) NOT NULL,
  `updated_at` timestamp(6) NOT NULL DEFAULT current_timestamp(6),
  `updated_by` varchar(225) NOT NULL,
  `Active` int(20) NOT NULL DEFAULT 1
) ENGINE=InnoDB DEFAULT CHARSET=utf8mb4 COLLATE=utf8mb4_general_ci;

--
-- Dumping data for table `clinicians`
--

INSERT INTO `clinicians` (`Id`, `Uid`, `Name`, `Status`, `MobileNumber`, `DepartmentId`, `created_at`, `created_by`, `updated_at`, `updated_by`, `Active`) VALUES
(1, 'DOCT0001', 'Dr. Drona Verma', 'ACTIVE', 7766544332, 1, '2024-04-09 04:25:16.000000', 'ADMIN0001', '2024-04-09 04:25:16.000000', 'ADMIN0001', 1),
(3, 'DOCT0002', 'Dr.Divya Chaudhary', 'ACTIVE', 8950593544, 2, '2024-04-13 07:28:33.756396', 'ADMIN001', '2024-04-13 07:28:33.756396', 'ADMIN001', 1),
(4, 'DOCT0003', 'Dr.Neha Gupta', 'ACTIVE', 1122383735, 7, '2024-05-18 21:30:44.887665', 'ADMIN001', '2024-05-18 21:30:44.887665', 'ADMIN001', 1),
(5, 'DOCT0004', 'Dr.Amit Chauhan', 'ACTIVE', 3388447755, 5, '2024-07-27 13:25:50.454676', 'ADMIN001', '2024-07-27 13:25:50.454676', 'ADMIN001', 1),
(6, 'DOCT0005', 'Dr.Kavita Malhotra', 'ACTIVE', 9876459834, 6, '2024-07-27 13:27:56.486275', 'ADMIN001', '2024-07-27 13:27:56.486275', 'ADMIN001', 1),
(7, 'DOCT0006', 'Dr.Divyam Susodia', 'ACTIVE', 9896788532, 7, '2024-07-27 13:30:11.754600', 'ADMIN001', '2024-07-27 13:30:11.754600', 'ADMIN001', 1),
(8, 'DOCT0007', 'Dr.Lucy Wise', 'ACTIVE', 9518410823, 8, '2024-07-27 13:32:38.154644', 'ADMIN001', '2024-07-27 13:32:38.154644', 'ADMIN001', 1),
(9, 'DOCT0008', 'Dr.Diler Singh', 'ACTIVE', 5895432468, 8, '2024-07-27 13:40:17.418900', 'ADMIN001', '2024-07-27 13:40:17.418900', 'ADMIN001', 1),
(10, 'DOCT0009', 'Dr.Suhel Arya', 'ACTIVE', 8934752209, 1, '2024-07-29 15:48:26.501048', 'ADMIN001', '2024-07-29 15:48:26.501048', 'ADMIN001', 1),
(11, 'DOCT0010', 'Dr.Dimple Rathi', 'ACTIVE', 9518410834, 3, '2024-07-29 15:50:01.620952', 'ADMIN001', '2024-07-29 15:50:01.620952', 'ADMIN001', 1),
(12, 'DOCT0011', 'Dr.Lavanya Sharma', 'ACTIVE', 8474847484, 9, '2024-07-29 15:51:33.972864', 'ADMIN001', '2024-07-29 15:51:33.972864', 'ADMIN001', 1),
(13, 'DOCT0012', 'Dr.Ulass Batra', 'ACTIVE', 7777788996, 10, '2024-07-29 15:53:31.077637', 'ADMIN001', '2024-07-29 15:53:31.077637', 'ADMIN001', 1),
(14, 'DOCT0013', 'Dr.Tinku Aggrawal', 'ACTIVE', 6633876464, 11, '2024-07-29 15:55:09.904850', 'ADMIN001', '2024-07-29 15:55:09.904850', 'ADMIN001', 1),
(15, 'DOCT0014', 'Dr.Rashi Jangra', 'ACTIVE', 8879787867, 2, '2024-07-29 15:58:07.900420', 'ADMIN001', '2024-07-29 15:58:07.900420', 'ADMIN001', 1),
(16, 'DOCT0015', 'Dr.Gaurav Mishra', 'ACTIVE', 7879763254, 13, '2024-07-29 16:00:05.708432', 'ADMIN001', '2024-07-29 16:00:05.708432', 'ADMIN001', 1),
(17, 'DOCT0016', 'Dr.Dharvi Jain', 'ACTIVE', 5644748934, 12, '2024-07-29 16:01:51.317004', 'ADMIN001', '2024-07-29 16:01:51.317004', 'ADMIN001', 1),
(18, 'DOCT0017', 'Dr.Simran Kaur', 'ACTIVE', 3488575958, 14, '2024-07-29 16:03:54.072508', 'ADMIN001', '2024-07-29 16:03:54.072508', 'ADMIN001', 1),
(19, 'DOCT0018', 'Dr.Tanu Hari', 'ACTIVE', 7877987976, 15, '2024-07-29 16:06:04.087951', 'ADMIN001', '2024-07-29 16:06:04.087951', 'ADMIN001', 1),
(20, 'DOCT0019', 'Dr.Pinki Saini', 'ACTIVE', 5755858595, 16, '2024-07-29 16:08:09.298484', 'ADMIN001', '2024-07-29 16:08:09.298484', 'ADMIN001', 1),
(21, 'DOCT0020', 'Dr.Amarpreet Singh', 'ACTIVE', 7666754567, 17, '2024-07-29 16:10:00.150821', 'ADMIN001', '2024-07-29 16:10:00.150821', 'ADMIN001', 1);

-- --------------------------------------------------------

--
-- Table structure for table `department`
--

CREATE TABLE `department` (
  `Id` int(20) NOT NULL,
  `Status` varchar(225) NOT NULL DEFAULT 'ACTIVE',
  `Name` varchar(225) NOT NULL,
  `created_at` timestamp(6) NOT NULL DEFAULT current_timestamp(6),
  `created_by` varchar(225) NOT NULL,
  `updated_at` timestamp(6) NOT NULL DEFAULT current_timestamp(6),
  `updated_by` varchar(225) NOT NULL
) ENGINE=InnoDB DEFAULT CHARSET=utf8mb4 COLLATE=utf8mb4_general_ci;

--
-- Dumping data for table `department`
--

INSERT INTO `department` (`Id`, `Status`, `Name`, `created_at`, `created_by`, `updated_at`, `updated_by`) VALUES
(1, 'ACTIVE', 'Internal Medicine', '2024-04-09 04:23:39.000000', 'ADMIN001', '2024-04-09 04:23:39.000000', 'ADMIN001'),
(2, 'ACTIVE', 'Pediatrics', '2024-04-09 04:24:17.000000', 'ADMIN001', '2024-04-09 04:24:17.000000', 'ADMIN001'),
(3, 'ACTIVE', 'Neonatology', '2024-04-19 06:56:55.442382', 'ADMIN001', '2024-04-19 06:56:55.442382', 'ADMIN001'),
(4, 'ACTIVE', 'Cardiology', '2024-04-19 07:16:23.662104', 'ADMIN001', '2024-04-19 07:16:23.662104', 'ADMIN001'),
(5, 'ACTIVE', 'Dermatology', '2024-04-19 07:16:37.043959', 'ADMIN001', '2024-04-19 07:16:37.043959', 'ADMIN001'),
(6, 'ACTIVE', 'Endocrinology', '2024-04-19 07:16:52.039024', 'ADMIN001', '2024-04-19 07:16:52.039024', 'ADMIN001'),
(7, 'ACTIVE', 'Gastroenterology', '2024-04-19 07:17:00.474146', 'ADMIN001', '2024-04-19 07:17:00.474146', 'ADMIN001'),
(8, 'ACTIVE', 'Hematology', '2024-04-19 07:17:09.473149', 'ADMIN001', '2024-04-19 07:17:09.473149', 'ADMIN001'),
(9, 'ACTIVE', 'Neurology', '2024-04-19 07:17:17.205254', 'ADMIN001', '2024-04-19 07:17:17.205254', 'ADMIN001'),
(10, 'ACTIVE', 'Oncology', '2024-04-19 07:17:24.437740', 'ADMIN001', '2024-04-19 07:17:24.437740', 'ADMIN001'),
(11, 'ACTIVE', 'Orthopedics', '2024-04-19 07:17:33.742778', 'ADMIN001', '2024-04-19 07:17:33.742778', 'ADMIN001'),
(12, 'ACTIVE', 'Pulmonology', '2024-04-19 07:17:43.416133', 'ADMIN001', '2024-04-19 07:17:43.416133', 'ADMIN001'),
(13, 'ACTIVE', 'Psychiatry', '2024-04-19 07:17:50.414126', 'ADMIN001', '2024-04-19 07:17:50.414126', 'ADMIN001'),
(14, 'ACTIVE', 'Radiology', '2024-04-19 07:17:56.190493', 'ADMIN001', '2024-04-19 07:17:56.190493', 'ADMIN001'),
(15, 'ACTIVE', 'Rehabilitation', '2024-04-19 07:18:03.309105', 'ADMIN001', '2024-04-19 07:18:03.309105', 'ADMIN001'),
(16, 'ACTIVE', 'Rheumatology', '2024-04-19 07:18:10.557207', 'ADMIN001', '2024-04-19 07:18:10.557207', 'ADMIN001'),
(17, 'ACTIVE', 'Urology', '2024-04-19 07:18:17.131853', 'ADMIN001', '2024-04-19 07:18:17.131853', 'ADMIN001');

-- --------------------------------------------------------

--
-- Table structure for table `doctorid`
--

CREATE TABLE `doctorid` (
  `TabID` int(20) NOT NULL,
  `Flag` int(20) NOT NULL DEFAULT 1,
  `Narration` varchar(225) NOT NULL DEFAULT 'DOCTOR',
  `Did` varchar(225) NOT NULL
) ENGINE=InnoDB DEFAULT CHARSET=utf8mb4 COLLATE=utf8mb4_general_ci;

--
-- Dumping data for table `doctorid`
--

INSERT INTO `doctorid` (`TabID`, `Flag`, `Narration`, `Did`) VALUES
(1, 1, 'DOCTOR', 'DOCT0001'),
(3, 1, 'DOCTOR', 'DOCT0002'),
(4, 1, 'DOCTOR', 'DOCT0003'),
(5, 1, 'DOCTOR', 'DOCT0004'),
(6, 1, 'DOCTOR', 'DOCT0005'),
(7, 1, 'DOCTOR', 'DOCT0006'),
(8, 1, 'DOCTOR', 'DOCT0007'),
(9, 1, 'DOCTOR', 'DOCT0008'),
(10, 1, 'DOCTOR', 'DOCT0009'),
(11, 1, 'DOCTOR', 'DOCT0010'),
(12, 1, 'DOCTOR', 'DOCT0011'),
(13, 1, 'DOCTOR', 'DOCT0012'),
(14, 1, 'DOCTOR', 'DOCT0013'),
(15, 1, 'DOCTOR', 'DOCT0014'),
(16, 1, 'DOCTOR', 'DOCT0015'),
(17, 1, 'DOCTOR', 'DOCT0016'),
(18, 1, 'DOCTOR', 'DOCT0017'),
(19, 1, 'DOCTOR', 'DOCT0018'),
(20, 1, 'DOCTOR', 'DOCT0019'),
(21, 1, 'DOCTOR', 'DOCT0020'),
(22, 1, 'DOCTOR', 'DOCT0021');

-- --------------------------------------------------------

--
-- Table structure for table `logindetails`
--

CREATE TABLE `logindetails` (
  `Id` int(20) NOT NULL,
  `Uid` varchar(20) NOT NULL DEFAULT 'id',
  `FirstName` varchar(225) NOT NULL,
  `LastName` varchar(225) NOT NULL,
  `DOB` varchar(225) NOT NULL DEFAULT '0-0-0',
  `Title` varchar(10) NOT NULL,
  `Sex` varchar(10) NOT NULL,
  `Address` varchar(500) NOT NULL,
  `MobileNumber` bigint(20) NOT NULL,
  `Email` varchar(50) NOT NULL,
  `Password` varchar(225) NOT NULL,
  `Type` varchar(50) NOT NULL DEFAULT 'USER',
  `Flag` int(20) NOT NULL DEFAULT 1
) ENGINE=InnoDB DEFAULT CHARSET=utf8mb4 COLLATE=utf8mb4_general_ci;

--
-- Dumping data for table `logindetails`
--

INSERT INTO `logindetails` (`Id`, `Uid`, `FirstName`, `LastName`, `DOB`, `Title`, `Sex`, `Address`, `MobileNumber`, `Email`, `Password`, `Type`, `Flag`) VALUES
(2, 'USER0001', 'User', 'Dummy', '2024-03-07', 'Mr.', 'Male', 'here', 8833774465, 'Dummy@data.com', 'UGFzc0AxMjM=', 'USER', 1),
(3, 'ADMIN001', 'Admin', 'Yash', '2001-10-05', 'Mr.', 'Male', 'Sonipat', 8950593546, 'yashmurao1@gmail.com', 'UGFzc0AxMjM=', 'ADMIN', 1),
(4, 'DOCT0001', 'Drona', 'Verma', '1997-12-30', 'Mr.', 'Male', '530-A, Sunidhi Shala, South Delhi, India', 7766544332, 'drona.verma@hhi.com', 'UGFzc0AxMjM=', 'DOCTOR', 1),
(5, 'DOCT0002', 'Divya', 'Chaudhary', '1999-12-13', 'Ms.', 'Female', 'Rohini, Delhi', 8950593544, 'DivyaChaudhary001@hhi.com', 'UGFzc0AxMjM=', 'DOCTOR', 1),
(7, 'USER0003', 'Jammy', 'Fury', '2000-06-14', 'Ms.', 'Female', 'B-Town, Jersey, 523-B', 5657585958, 'Jammy82881@yahoo.com', 'UGFzc0AxMjM=', 'USER', 1),
(8, 'USER0004', 'Keshav', 'Kumar', '2002-11-10', 'Mr.', 'Male', 'Sublime Apartments, 563-W, India', 9192939495, 'Keshav.kumar@hhi.com', 'UGFzc0AxMjM=', 'USER', 1),
(10, 'USER0005', 'Gaurav', 'Lila', '2004-05-15', 'Mr.', 'Male', '23-BM, Eklavya Street, Delhi, India', 2919283837, 'gaurav.lila@hhi.com', 'UGFzc0AyMTIx', 'USER', 1),
(11, 'DOCT0003', 'Neha', 'Gupta', '2001-10-26', 'Ms.', 'Female', 'Sonipat', 1122383735, 'neha.gupta@hhi.com', 'UGFzc0AxMjM=', 'DOCTOR', 1),
(13, 'DOCT0004', 'Amit', 'Chauhan', '1993-06-09', 'Mr.', 'Male', 'Ahmedpur, Shiva Apartments, Delhi, India', 3388447755, 'amit.chauhan@hhi.com', 'UGFzc0AxMjM=', 'DOCTOR', 1),
(14, 'DOCT0005', 'Kavita', 'Malhotra', '1988-10-05', 'Mrs.', 'Female', '231-A Block-23A, Rangoli West Apartments, Gurugram, India', 9876459834, 'kavita.malhotra@hhi.com', 'UGFzc0AxMjM=', 'DOCTOR', 1),
(15, 'DOCT0006', 'Divyam', 'Susodia', '1999-06-01', 'Mr.', 'Male', '559-C Western Block, Delhi, India', 9896788532, 'divyam.susodia@hhi.com', 'UGFzc0AxMjM=', 'DOCTOR', 1),
(16, 'DOCT0007', 'Lucy', 'Wise', '1997-01-30', 'Ms.', 'Female', '332/3, Western Coach Apartments, Noida-31, India', 9518410823, 'lucy.wise@hhi.com', 'UGFzc0AxMjM=', 'DOCTOR', 1),
(17, 'DOCT0008', 'Diler', 'Singh', '1996-08-03', 'Mr.', 'Male', '231/45, Wesst Lok Apartment, Narela, India', 5895432468, 'diler.singh@hhi.com', 'UGFzc0AxMjM=', 'DOCTOR', 1),
(18, 'DOCT0009', 'Suhel', 'Arya', '1992-02-28', 'Mr.', 'Male', 'Green Wells, 15-B4, Rohini, India', 8934752209, 'suhel.arya@hhi.com', 'UGFzc0AxMjM=', 'DOCTOR', 1),
(19, 'DOCT0010', 'Dimple', 'Rathi', '1975-11-14', 'Mrs.', 'Female', '523-G3, Queen View Apartments, Rithala, India', 9518410834, 'dimple.rathi@hhi.com', 'UGFzc0AxMjM=', 'DOCTOR', 1),
(20, 'DOCT0011', 'Lavanya', 'Sharma', '1995-01-01', 'Ms.', 'Female', '80/0110, Trunk Road, Noida', 8474847484, 'lavanya.sharma@hhi.com', 'UGFzc0AxMjM=', 'DOCTOR', 1),
(21, 'DOCT0012', 'Ulass', 'Batra', '1979-06-07', 'Mr.', 'Male', '546-GC, Backyard Villa, NH-11, India', 7777788996, 'ulass.batra@hhi.com', 'UGFzc0AxMjM=', 'DOCTOR', 1),
(22, 'DOCT0013', 'Tinku', 'Aggrawal', '1998-02-15', 'Mr.', 'Male', '80/53, 9-Street-View Apartments, Delhi, India', 6633876464, 'tinku.aggrawal@hhi.com', 'UGFzc0AxMjM=', 'DOCTOR', 1),
(23, 'DOCT0014', 'Rashi', 'Jangra', '1992-07-24', 'Ms.', 'Female', 'Jaipuri Apartments, 23O, G.T. Road, India', 8879787867, 'rashi.jangra@hhi.com', 'UGFzc0AxMjM=', 'DOCTOR', 1),
(24, 'DOCT0015', 'Gaurav', 'Mishra', '1983-10-05', 'Mr.', 'Male', 'Block-52, 53498, Shakarpur, Delhi, India', 7879763254, 'gaurav.mishra@hhi.com', 'UGFzc0AxMjM=', 'DOCTOR', 1),
(25, 'DOCT0016', 'Dharvi', 'Jain', '1995-11-23', 'Ms.', 'Female', '6545, Baghi Colony, Delhi, India', 5644748934, 'dhravi.jain@hhi.com', 'UGFzc0AxMjM=', 'DOCTOR', 1),
(26, 'DOCT0017', 'Simran', 'Kaur', '1971-12-16', 'Mrs.', 'Female', '9094A, Lucky Apartments, Delhi, India', 3488575958, 'simran.kaur@hhi.com', 'UGFzc0AxMjM=', 'DOCTOR', 1),
(27, 'DOCT0018', 'Tanu', 'Hari', '1997-06-13', 'Mrs.', 'Female', '807-FG, J. Sharma Colony, Narela, India', 7877987976, 'tanu.hari@hhi.com', 'UGFzc0AxMjM=', 'DOCTOR', 1),
(28, 'DOCT0019', 'Pinki', 'Saini', '1990-06-06', 'Ms.', 'Female', '90A, Block-36, Jagannath Green Apartments, Delhi, India', 5755858595, 'pinki.saini@hhi.com', 'UGFzc0AxMjM=', 'DOCTOR', 1),
(29, 'DOCT0020', 'Amarpreet', 'Singh', '1983-09-20', 'Mr.', 'Male', '80-P, J.k Road, Haryana, India', 7666754567, 'amarpreet.singh@hhi.com', 'UGFzc0AxMjM=', 'DOCTOR', 1);

-- --------------------------------------------------------

--
-- Table structure for table `patientdetails`
--

CREATE TABLE `patientdetails` (
  `Pid` varchar(225) NOT NULL,
  `Title` varchar(225) NOT NULL,
  `TitleId` int(11) NOT NULL,
  `FirstName` varchar(225) NOT NULL,
  `LastName` varchar(225) NOT NULL,
  `Address1` varchar(225) NOT NULL,
  `Address2` varchar(225) NOT NULL,
  `Mobile` bigint(125) NOT NULL,
  `created_at` timestamp(6) NOT NULL DEFAULT current_timestamp(6),
  `created_by` varchar(225) NOT NULL,
  `updated_at` timestamp(6) NOT NULL DEFAULT current_timestamp(6),
  `updated_by` varchar(225) NOT NULL,
  `Flag` int(1) NOT NULL DEFAULT 1
) ENGINE=InnoDB DEFAULT CHARSET=utf8mb4 COLLATE=utf8mb4_general_ci;

--
-- Dumping data for table `patientdetails`
--

INSERT INTO `patientdetails` (`Pid`, `Title`, `TitleId`, `FirstName`, `LastName`, `Address1`, `Address2`, `Mobile`, `created_at`, `created_by`, `updated_at`, `updated_by`, `Flag`) VALUES
('HHIM0001', 'Mr.', 101, 'Monkey.D', 'Luffy', 'One Piece', 'East Blue', 7722883399, '2024-04-22 09:03:06.077670', '', '2024-05-18 19:36:59.000000', 'USER0001', 1),
('HHIM0002', 'Mr.', 101, 'Roronowa', 'Zoro', 'One Piece', 'North Blue', 7755886699, '2024-04-22 09:03:06.077670', '', '2024-05-18 19:33:21.000000', 'USER0001', 1),
('HHIM0003', 'Mr.', 101, 'Cookie', 'Monster', 'Dreams', 'LIVE', 8833774466, '2024-04-22 09:03:06.077670', '', '2024-06-02 08:18:26.000000', 'USER0001', 1),
('HHIM0004', 'Ms.', 102, 'Nico', 'Robin', 'One Piece', 'Island', 8833774455, '2024-04-22 09:03:06.077670', '', '2024-04-22 09:30:16.000000', 'USER0001', 1),
('HHIM0005', 'Ms.', 102, 'Aftab', 'Rehman', 'Saint Colony, India', '523, Z Block', 8847474847, '2024-04-22 09:03:06.077670', 'USER0001', '2024-05-18 18:04:43.000000', 'USER0001', 1),
('HHIM0006', 'Mr.', 101, 'Tony-tony', 'Chopper', 'One piece', 'west seas', 6633774488, '2024-04-22 09:03:06.077670', '', '2024-04-22 09:30:25.000000', 'USER0001', 1),
('HHIM0007', 'Mr.', 101, 'Jasper', 'Synergy', 'Fuko Town', 'Jamaica', 2827262524, '2024-04-22 09:31:21.000000', 'USER0001', '2024-04-22 09:31:21.000000', 'USER0001', 1),
('HHIM0008', 'Mr.', 101, 'guhikjuou', 'hjk', 'bn', 'sahsasnjj', 2233445677, '2024-07-30 10:22:13.000000', 'USER0001', '2024-07-30 10:22:13.000000', 'USER0001', 1),
('HHIM0010', 'Mr.', 101, 'wefs', 'lkh', 'Castle', 'assaas', 1122334455, '2024-06-16 14:05:26.000000', 'USER0001', '2024-06-16 14:07:18.000000', 'USER0001', 0);

-- --------------------------------------------------------

--
-- Table structure for table `patientid`
--

CREATE TABLE `patientid` (
  `TABid` int(10) NOT NULL,
  `Narration` varchar(100) NOT NULL DEFAULT 'Registration',
  `Pid` varchar(10) NOT NULL,
  `Flag` int(10) NOT NULL DEFAULT 1
) ENGINE=InnoDB DEFAULT CHARSET=utf8mb4 COLLATE=utf8mb4_general_ci;

--
-- Dumping data for table `patientid`
--

INSERT INTO `patientid` (`TABid`, `Narration`, `Pid`, `Flag`) VALUES
(1, 'Registration', 'HHIM0001', 1),
(2, 'Registration', 'HHIM0002', 1),
(3, 'Registration', 'HHIM0003', 1),
(4, 'Registration', 'HHIM0004', 1),
(5, 'Registration', 'HHIM0005', 1),
(6, 'Registration', 'HHIM0006', 1),
(7, 'Registration', 'HHIM0007', 1),
(8, 'Registration', 'HHIM0008', 1),
(12, 'Registration', 'HHIM0009', 1);

-- --------------------------------------------------------

--
-- Table structure for table `reviews`
--

CREATE TABLE `reviews` (
  `Id` int(29) NOT NULL,
  `Ratings` int(20) NOT NULL,
  `Reviews` varchar(225) NOT NULL,
  `created_at` timestamp(6) NOT NULL DEFAULT current_timestamp(6),
  `created_by` varchar(225) NOT NULL,
  `updated_at` timestamp(6) NOT NULL DEFAULT current_timestamp(6),
  `updated_by` varchar(225) NOT NULL
) ENGINE=InnoDB DEFAULT CHARSET=utf8mb4 COLLATE=utf8mb4_general_ci;

--
-- Dumping data for table `reviews`
--

INSERT INTO `reviews` (`Id`, `Ratings`, `Reviews`, `created_at`, `created_by`, `updated_at`, `updated_by`) VALUES
(1, 5, 'Good', '2024-04-13 04:49:55.989141', 'USER0001', '2024-04-13 04:49:55.989141', 'USER0001'),
(2, 5, 'EXCELLENT', '2024-04-13 04:52:51.298300', 'USER0001', '2024-04-13 04:52:51.298300', 'USER0001'),
(3, 3, 'Okay experience', '2024-05-26 13:33:24.585592', 'USER0001', '2024-05-26 13:33:24.585592', 'USER0001');

-- --------------------------------------------------------

--
-- Table structure for table `sessiontime`
--

CREATE TABLE `sessiontime` (
  `Id` int(20) NOT NULL,
  `Session` varchar(225) NOT NULL,
  `SessionId` varchar(50) NOT NULL,
  `StartTimings` time(6) NOT NULL,
  `EndTimings` time(6) NOT NULL,
  `created_by` varchar(225) NOT NULL DEFAULT 'ADMIN001',
  `created_at` timestamp(6) NOT NULL DEFAULT current_timestamp(6),
  `updated_by` varchar(225) NOT NULL DEFAULT 'ADMIN001',
  `updated_at` timestamp(6) NOT NULL DEFAULT current_timestamp(6)
) ENGINE=InnoDB DEFAULT CHARSET=utf8mb4 COLLATE=utf8mb4_general_ci;

--
-- Dumping data for table `sessiontime`
--

INSERT INTO `sessiontime` (`Id`, `Session`, `SessionId`, `StartTimings`, `EndTimings`, `created_by`, `created_at`, `updated_by`, `updated_at`) VALUES
(1, 'Morning Session', 'MOR', '09:00:00.000000', '11:00:00.000000', 'ADMIN001', '2024-04-09 04:51:05.121020', 'ADMIN001', '2024-04-09 04:51:05.121020'),
(2, 'Afternoon Session', 'AFT', '13:00:00.000000', '15:00:00.000000', 'ADMIN001', '2024-04-09 08:28:43.217292', 'ADMIN001', '2024-04-09 08:28:43.217292'),
(3, 'Evening Session', 'EVE', '16:00:00.000000', '18:00:00.000000', 'ADMIN001', '2024-04-13 07:00:34.734874', 'ADMIN001', '2024-04-13 07:00:34.734874'),
(4, 'Night Session', 'NIG', '19:00:00.000000', '21:00:00.000000', 'ADMIN001', '2024-04-13 07:05:37.049325', 'ADMIN001', '2024-04-13 07:05:37.049325');

-- --------------------------------------------------------

--
-- Table structure for table `sex`
--

CREATE TABLE `sex` (
  `Id` int(20) NOT NULL,
  `GenderId` int(10) NOT NULL,
  `Sex` varchar(20) NOT NULL
) ENGINE=InnoDB DEFAULT CHARSET=utf8mb4 COLLATE=utf8mb4_general_ci;

--
-- Dumping data for table `sex`
--

INSERT INTO `sex` (`Id`, `GenderId`, `Sex`) VALUES
(1, 1001, 'Male'),
(2, 1002, 'Female'),
(3, 1003, 'Others'),
(4, 1004, 'Prefer not to say');

-- --------------------------------------------------------

--
-- Table structure for table `title`
--

CREATE TABLE `title` (
  `Id` int(20) NOT NULL,
  `TitleId` int(10) NOT NULL,
  `Title` varchar(20) NOT NULL
) ENGINE=InnoDB DEFAULT CHARSET=utf8mb4 COLLATE=utf8mb4_general_ci;

--
-- Dumping data for table `title`
--

INSERT INTO `title` (`Id`, `TitleId`, `Title`) VALUES
(1, 101, 'Mr.'),
(2, 102, 'Ms.'),
(3, 103, 'Mrs.');

-- --------------------------------------------------------

--
-- Table structure for table `userid`
--

CREATE TABLE `userid` (
  `TabID` int(10) NOT NULL,
  `Narration` varchar(50) NOT NULL DEFAULT 'User',
  `Uid` varchar(50) NOT NULL,
  `Flag` int(2) NOT NULL DEFAULT 1
) ENGINE=InnoDB DEFAULT CHARSET=utf8mb4 COLLATE=utf8mb4_general_ci;

--
-- Dumping data for table `userid`
--

INSERT INTO `userid` (`TabID`, `Narration`, `Uid`, `Flag`) VALUES
(1, 'User', 'USER0001', 1),
(2, 'User', 'USER0002', 1),
(3, 'User', 'USER0003', 1),
(7, 'User', 'USER0004', 1),
(8, 'User', 'USER0005', 1),
(9, 'User', 'USER0006', 1);

--
-- Indexes for dumped tables
--

--
-- Indexes for table `appointments`
--
ALTER TABLE `appointments`
  ADD PRIMARY KEY (`Id`);

--
-- Indexes for table `clinicians`
--
ALTER TABLE `clinicians`
  ADD PRIMARY KEY (`Id`);

--
-- Indexes for table `department`
--
ALTER TABLE `department`
  ADD PRIMARY KEY (`Id`);

--
-- Indexes for table `doctorid`
--
ALTER TABLE `doctorid`
  ADD PRIMARY KEY (`TabID`);

--
-- Indexes for table `logindetails`
--
ALTER TABLE `logindetails`
  ADD PRIMARY KEY (`Id`);

--
-- Indexes for table `patientdetails`
--
ALTER TABLE `patientdetails`
  ADD PRIMARY KEY (`Pid`);

--
-- Indexes for table `patientid`
--
ALTER TABLE `patientid`
  ADD PRIMARY KEY (`Pid`),
  ADD UNIQUE KEY `TABid` (`TABid`);

--
-- Indexes for table `reviews`
--
ALTER TABLE `reviews`
  ADD PRIMARY KEY (`Id`);

--
-- Indexes for table `sessiontime`
--
ALTER TABLE `sessiontime`
  ADD PRIMARY KEY (`Id`);

--
-- Indexes for table `sex`
--
ALTER TABLE `sex`
  ADD PRIMARY KEY (`Id`);

--
-- Indexes for table `title`
--
ALTER TABLE `title`
  ADD PRIMARY KEY (`Id`);

--
-- Indexes for table `userid`
--
ALTER TABLE `userid`
  ADD PRIMARY KEY (`TabID`);

--
-- AUTO_INCREMENT for dumped tables
--

--
-- AUTO_INCREMENT for table `appointments`
--
ALTER TABLE `appointments`
  MODIFY `Id` int(20) NOT NULL AUTO_INCREMENT, AUTO_INCREMENT=224;

--
-- AUTO_INCREMENT for table `clinicians`
--
ALTER TABLE `clinicians`
  MODIFY `Id` int(20) NOT NULL AUTO_INCREMENT, AUTO_INCREMENT=22;

--
-- AUTO_INCREMENT for table `department`
--
ALTER TABLE `department`
  MODIFY `Id` int(20) NOT NULL AUTO_INCREMENT, AUTO_INCREMENT=18;

--
-- AUTO_INCREMENT for table `doctorid`
--
ALTER TABLE `doctorid`
  MODIFY `TabID` int(20) NOT NULL AUTO_INCREMENT, AUTO_INCREMENT=23;

--
-- AUTO_INCREMENT for table `logindetails`
--
ALTER TABLE `logindetails`
  MODIFY `Id` int(20) NOT NULL AUTO_INCREMENT, AUTO_INCREMENT=30;

--
-- AUTO_INCREMENT for table `patientid`
--
ALTER TABLE `patientid`
  MODIFY `TABid` int(10) NOT NULL AUTO_INCREMENT, AUTO_INCREMENT=13;

--
-- AUTO_INCREMENT for table `reviews`
--
ALTER TABLE `reviews`
  MODIFY `Id` int(29) NOT NULL AUTO_INCREMENT, AUTO_INCREMENT=4;

--
-- AUTO_INCREMENT for table `sessiontime`
--
ALTER TABLE `sessiontime`
  MODIFY `Id` int(20) NOT NULL AUTO_INCREMENT, AUTO_INCREMENT=8;

--
-- AUTO_INCREMENT for table `sex`
--
ALTER TABLE `sex`
  MODIFY `Id` int(20) NOT NULL AUTO_INCREMENT, AUTO_INCREMENT=5;

--
-- AUTO_INCREMENT for table `title`
--
ALTER TABLE `title`
  MODIFY `Id` int(20) NOT NULL AUTO_INCREMENT, AUTO_INCREMENT=4;

--
-- AUTO_INCREMENT for table `userid`
--
ALTER TABLE `userid`
  MODIFY `TabID` int(10) NOT NULL AUTO_INCREMENT, AUTO_INCREMENT=12;
COMMIT;

/*!40101 SET CHARACTER_SET_CLIENT=@OLD_CHARACTER_SET_CLIENT */;
/*!40101 SET CHARACTER_SET_RESULTS=@OLD_CHARACTER_SET_RESULTS */;
/*!40101 SET COLLATION_CONNECTION=@OLD_COLLATION_CONNECTION */;
